"_serial","_time",source,sourcetype,host,index,"splunk_server","_raw"
0,"1455709800.000","si-search-cpu-usage",stash,"reporting.com","ib_system_summary","reporting.com-root","02/17/2016 11:50:00 +0000, search_name=""si-search-cpu-usage"", search_now=1455712200.000, info_min_time=1455708600.000, info_max_time=1455710400.000, info_search_time=1455712201.511, orig_host=""reporting.com"", psrsvd_ct_CPU_PERCENT=10, psrsvd_gc=10, psrsvd_nc_CPU_PERCENT=10, psrsvd_sm_CPU_PERCENT=326, psrsvd_v=1, psrsvd_vt_CPU_PERCENT=0, report=""si_cpu_usage"""
1,"1455709200.000","si-search-cpu-usage",stash,"reporting.com","ib_system_summary","reporting.com-root","02/17/2016 11:40:00 +0000, search_name=""si-search-cpu-usage"", search_now=1455712200.000, info_min_time=1455708600.000, info_max_time=1455710400.000, info_search_time=1455712201.511, orig_host=""reporting.com"", psrsvd_ct_CPU_PERCENT=10, psrsvd_gc=10, psrsvd_nc_CPU_PERCENT=10, psrsvd_sm_CPU_PERCENT=343, psrsvd_v=1, psrsvd_vt_CPU_PERCENT=0, report=""si_cpu_usage"""
2,"1455708600.000","si-search-cpu-usage",stash,"reporting.com","ib_system_summary","reporting.com-root","02/17/2016 11:30:00 +0000, search_name=""si-search-cpu-usage"", search_now=1455712200.000, info_min_time=1455708600.000, info_max_time=1455710400.000, info_search_time=1455712201.511, orig_host=""reporting.com"", psrsvd_ct_CPU_PERCENT=10, psrsvd_gc=10, psrsvd_nc_CPU_PERCENT=10, psrsvd_sm_CPU_PERCENT=327, psrsvd_v=1, psrsvd_vt_CPU_PERCENT=0, report=""si_cpu_usage"""
3,"1455708000.000","si-search-cpu-usage",stash,"reporting.com","ib_system_summary","reporting.com-root","02/17/2016 11:20:00 +0000, search_name=""si-search-cpu-usage"", search_now=1455710400.000, info_min_time=1455706800.000, info_max_time=1455708600.000, info_search_time=1455710401.543, orig_host=""reporting.com"", psrsvd_ct_CPU_PERCENT=10, psrsvd_gc=10, psrsvd_nc_CPU_PERCENT=10, psrsvd_sm_CPU_PERCENT=323, psrsvd_v=1, psrsvd_vt_CPU_PERCENT=0, report=""si_cpu_usage"""
4,"1455707400.000","si-search-cpu-usage",stash,"reporting.com","ib_system_summary","reporting.com-root","02/17/2016 11:10:00 +0000, search_name=""si-search-cpu-usage"", search_now=1455710400.000, info_min_time=1455706800.000, info_max_time=1455708600.000, info_search_time=1455710401.543, orig_host=""reporting.com"", psrsvd_ct_CPU_PERCENT=10, psrsvd_gc=10, psrsvd_nc_CPU_PERCENT=10, psrsvd_sm_CPU_PERCENT=329, psrsvd_v=1, psrsvd_vt_CPU_PERCENT=0, report=""si_cpu_usage"""
5,"1455706800.000","si-search-cpu-usage",stash,"reporting.com","ib_system_summary","reporting.com-root","02/17/2016 11:00:00 +0000, search_name=""si-search-cpu-usage"", search_now=1455710400.000, info_min_time=1455706800.000, info_max_time=1455708600.000, info_search_time=1455710401.543, orig_host=""reporting.com"", psrsvd_ct_CPU_PERCENT=10, psrsvd_gc=10, psrsvd_nc_CPU_PERCENT=10, psrsvd_sm_CPU_PERCENT=328, psrsvd_v=1, psrsvd_vt_CPU_PERCENT=0, report=""si_cpu_usage"""
6,"1455706200.000","si-search-cpu-usage",stash,"reporting.com","ib_system_summary","reporting.com-root","02/17/2016 10:50:00 +0000, search_name=""si-search-cpu-usage"", search_now=1455708600.000, info_min_time=1455705000.000, info_max_time=1455706800.000, info_search_time=1455708601.550, orig_host=""reporting.com"", psrsvd_ct_CPU_PERCENT=10, psrsvd_gc=10, psrsvd_nc_CPU_PERCENT=10, psrsvd_sm_CPU_PERCENT=352, psrsvd_v=1, psrsvd_vt_CPU_PERCENT=0, report=""si_cpu_usage"""
7,"1455705600.000","si-search-cpu-usage",stash,"reporting.com","ib_system_summary","reporting.com-root","02/17/2016 10:40:00 +0000, search_name=""si-search-cpu-usage"", search_now=1455708600.000, info_min_time=1455705000.000, info_max_time=1455706800.000, info_search_time=1455708601.550, orig_host=""reporting.com"", psrsvd_ct_CPU_PERCENT=10, psrsvd_gc=10, psrsvd_nc_CPU_PERCENT=10, psrsvd_sm_CPU_PERCENT=376, psrsvd_v=1, psrsvd_vt_CPU_PERCENT=0, report=""si_cpu_usage"""
8,"1455705000.000","si-search-cpu-usage",stash,"reporting.com","ib_system_summary","reporting.com-root","02/17/2016 10:30:00 +0000, search_name=""si-search-cpu-usage"", search_now=1455708600.000, info_min_time=1455705000.000, info_max_time=1455706800.000, info_search_time=1455708601.550, orig_host=""reporting.com"", psrsvd_ct_CPU_PERCENT=10, psrsvd_gc=10, psrsvd_nc_CPU_PERCENT=10, psrsvd_sm_CPU_PERCENT=385, psrsvd_v=1, psrsvd_vt_CPU_PERCENT=0, report=""si_cpu_usage"""
9,"1455704400.000","si-search-cpu-usage",stash,"reporting.com","ib_system_summary","reporting.com-root","02/17/2016 10:20:00 +0000, search_name=""si-search-cpu-usage"", search_now=1455706800.000, info_min_time=1455703200.000, info_max_time=1455705000.000, info_search_time=1455706801.517, orig_host=""reporting.com"", psrsvd_ct_CPU_PERCENT=10, psrsvd_gc=10, psrsvd_nc_CPU_PERCENT=10, psrsvd_sm_CPU_PERCENT=374, psrsvd_v=1, psrsvd_vt_CPU_PERCENT=0, report=""si_cpu_usage"""
10,"1455703800.000","si-search-cpu-usage",stash,"reporting.com","ib_system_summary","reporting.com-root","02/17/2016 10:10:00 +0000, search_name=""si-search-cpu-usage"", search_now=1455706800.000, info_min_time=1455703200.000, info_max_time=1455705000.000, info_search_time=1455706801.517, orig_host=""reporting.com"", psrsvd_ct_CPU_PERCENT=10, psrsvd_gc=10, psrsvd_nc_CPU_PERCENT=10, psrsvd_sm_CPU_PERCENT=378, psrsvd_v=1, psrsvd_vt_CPU_PERCENT=0, report=""si_cpu_usage"""
11,"1455703200.000","si-search-cpu-usage",stash,"reporting.com","ib_system_summary","reporting.com-root","02/17/2016 10:00:00 +0000, search_name=""si-search-cpu-usage"", search_now=1455706800.000, info_min_time=1455703200.000, info_max_time=1455705000.000, info_search_time=1455706801.517, orig_host=""reporting.com"", psrsvd_ct_CPU_PERCENT=10, psrsvd_gc=10, psrsvd_nc_CPU_PERCENT=10, psrsvd_sm_CPU_PERCENT=386, psrsvd_v=1, psrsvd_vt_CPU_PERCENT=0, report=""si_cpu_usage"""
12,"1455702600.000","si-search-cpu-usage",stash,"reporting.com","ib_system_summary","reporting.com-root","02/17/2016 09:50:00 +0000, search_name=""si-search-cpu-usage"", search_now=1455705000.000, info_min_time=1455701400.000, info_max_time=1455703200.000, info_search_time=1455705001.498, orig_host=""reporting.com"", psrsvd_ct_CPU_PERCENT=10, psrsvd_gc=10, psrsvd_nc_CPU_PERCENT=10, psrsvd_sm_CPU_PERCENT=380, psrsvd_v=1, psrsvd_vt_CPU_PERCENT=0, report=""si_cpu_usage"""
13,"1455702000.000","si-search-cpu-usage",stash,"reporting.com","ib_system_summary","reporting.com-root","02/17/2016 09:40:00 +0000, search_name=""si-search-cpu-usage"", search_now=1455705000.000, info_min_time=1455701400.000, info_max_time=1455703200.000, info_search_time=1455705001.498, orig_host=""reporting.com"", psrsvd_ct_CPU_PERCENT=10, psrsvd_gc=10, psrsvd_nc_CPU_PERCENT=10, psrsvd_sm_CPU_PERCENT=382, psrsvd_v=1, psrsvd_vt_CPU_PERCENT=0, report=""si_cpu_usage"""
14,"1455701400.000","si-search-cpu-usage",stash,"reporting.com","ib_system_summary","reporting.com-root","02/17/2016 09:30:00 +0000, search_name=""si-search-cpu-usage"", search_now=1455705000.000, info_min_time=1455701400.000, info_max_time=1455703200.000, info_search_time=1455705001.498, orig_host=""reporting.com"", psrsvd_ct_CPU_PERCENT=10, psrsvd_gc=10, psrsvd_nc_CPU_PERCENT=10, psrsvd_sm_CPU_PERCENT=372, psrsvd_v=1, psrsvd_vt_CPU_PERCENT=0, report=""si_cpu_usage"""
15,"1455700800.000","si-search-cpu-usage",stash,"reporting.com","ib_system_summary","reporting.com-root","02/17/2016 09:20:00 +0000, search_name=""si-search-cpu-usage"", search_now=1455703200.000, info_min_time=1455699600.000, info_max_time=1455701400.000, info_search_time=1455703201.546, orig_host=""reporting.com"", psrsvd_ct_CPU_PERCENT=10, psrsvd_gc=10, psrsvd_nc_CPU_PERCENT=10, psrsvd_sm_CPU_PERCENT=370, psrsvd_v=1, psrsvd_vt_CPU_PERCENT=0, report=""si_cpu_usage"""
16,"1455700200.000","si-search-cpu-usage",stash,"reporting.com","ib_system_summary","reporting.com-root","02/17/2016 09:10:00 +0000, search_name=""si-search-cpu-usage"", search_now=1455703200.000, info_min_time=1455699600.000, info_max_time=1455701400.000, info_search_time=1455703201.546, orig_host=""reporting.com"", psrsvd_ct_CPU_PERCENT=10, psrsvd_gc=10, psrsvd_nc_CPU_PERCENT=10, psrsvd_sm_CPU_PERCENT=378, psrsvd_v=1, psrsvd_vt_CPU_PERCENT=0, report=""si_cpu_usage"""
17,"1455699600.000","si-search-cpu-usage",stash,"reporting.com","ib_system_summary","reporting.com-root","02/17/2016 09:00:00 +0000, search_name=""si-search-cpu-usage"", search_now=1455703200.000, info_min_time=1455699600.000, info_max_time=1455701400.000, info_search_time=1455703201.546, orig_host=""reporting.com"", psrsvd_ct_CPU_PERCENT=10, psrsvd_gc=10, psrsvd_nc_CPU_PERCENT=10, psrsvd_sm_CPU_PERCENT=384, psrsvd_v=1, psrsvd_vt_CPU_PERCENT=0, report=""si_cpu_usage"""
18,"1455699000.000","si-search-cpu-usage",stash,"reporting.com","ib_system_summary","reporting.com-root","02/17/2016 08:50:00 +0000, search_name=""si-search-cpu-usage"", search_now=1455701400.000, info_min_time=1455697800.000, info_max_time=1455699600.000, info_search_time=1455701401.473, orig_host=""reporting.com"", psrsvd_ct_CPU_PERCENT=10, psrsvd_gc=10, psrsvd_nc_CPU_PERCENT=10, psrsvd_sm_CPU_PERCENT=375, psrsvd_v=1, psrsvd_vt_CPU_PERCENT=0, report=""si_cpu_usage"""
19,"1455698400.000","si-search-cpu-usage",stash,"reporting.com","ib_system_summary","reporting.com-root","02/17/2016 08:40:00 +0000, search_name=""si-search-cpu-usage"", search_now=1455701400.000, info_min_time=1455697800.000, info_max_time=1455699600.000, info_search_time=1455701401.473, orig_host=""reporting.com"", psrsvd_ct_CPU_PERCENT=10, psrsvd_gc=10, psrsvd_nc_CPU_PERCENT=10, psrsvd_sm_CPU_PERCENT=369, psrsvd_v=1, psrsvd_vt_CPU_PERCENT=0, report=""si_cpu_usage"""
20,"1455697800.000","si-search-cpu-usage",stash,"reporting.com","ib_system_summary","reporting.com-root","02/17/2016 08:30:00 +0000, search_name=""si-search-cpu-usage"", search_now=1455701400.000, info_min_time=1455697800.000, info_max_time=1455699600.000, info_search_time=1455701401.473, orig_host=""reporting.com"", psrsvd_ct_CPU_PERCENT=11, psrsvd_gc=11, psrsvd_nc_CPU_PERCENT=11, psrsvd_sm_CPU_PERCENT=340, psrsvd_v=1, psrsvd_vt_CPU_PERCENT=0, report=""si_cpu_usage"""
21,"1455697200.000","si-search-cpu-usage",stash,"reporting.com","ib_system_summary","reporting.com-root","02/17/2016 08:20:00 +0000, search_name=""si-search-cpu-usage"", search_now=1455699600.000, info_min_time=1455696000.000, info_max_time=1455697800.000, info_search_time=1455699601.574, orig_host=""reporting.com"", psrsvd_ct_CPU_PERCENT=10, psrsvd_gc=10, psrsvd_nc_CPU_PERCENT=10, psrsvd_sm_CPU_PERCENT=223, psrsvd_v=1, psrsvd_vt_CPU_PERCENT=0, report=""si_cpu_usage"""
22,"1455696600.000","si-search-cpu-usage",stash,"reporting.com","ib_system_summary","reporting.com-root","02/17/2016 08:10:00 +0000, search_name=""si-search-cpu-usage"", search_now=1455699600.000, info_min_time=1455696000.000, info_max_time=1455697800.000, info_search_time=1455699601.574, orig_host=""reporting.com"", psrsvd_ct_CPU_PERCENT=10, psrsvd_gc=10, psrsvd_nc_CPU_PERCENT=10, psrsvd_sm_CPU_PERCENT=218, psrsvd_v=1, psrsvd_vt_CPU_PERCENT=0, report=""si_cpu_usage"""
23,"1455696000.000","si-search-cpu-usage",stash,"reporting.com","ib_system_summary","reporting.com-root","02/17/2016 08:00:00 +0000, search_name=""si-search-cpu-usage"", search_now=1455699600.000, info_min_time=1455696000.000, info_max_time=1455697800.000, info_search_time=1455699601.574, orig_host=""reporting.com"", psrsvd_ct_CPU_PERCENT=10, psrsvd_gc=10, psrsvd_nc_CPU_PERCENT=10, psrsvd_sm_CPU_PERCENT=224, psrsvd_v=1, psrsvd_vt_CPU_PERCENT=0, report=""si_cpu_usage"""
24,"1455695400.000","si-search-cpu-usage",stash,"reporting.com","ib_system_summary","reporting.com-root","02/17/2016 07:50:00 +0000, search_name=""si-search-cpu-usage"", search_now=1455697800.000, info_min_time=1455694200.000, info_max_time=1455696000.000, info_search_time=1455697801.471, orig_host=""reporting.com"", psrsvd_ct_CPU_PERCENT=10, psrsvd_gc=10, psrsvd_nc_CPU_PERCENT=10, psrsvd_sm_CPU_PERCENT=219, psrsvd_v=1, psrsvd_vt_CPU_PERCENT=0, report=""si_cpu_usage"""
25,"1455694800.000","si-search-cpu-usage",stash,"reporting.com","ib_system_summary","reporting.com-root","02/17/2016 07:40:00 +0000, search_name=""si-search-cpu-usage"", search_now=1455697800.000, info_min_time=1455694200.000, info_max_time=1455696000.000, info_search_time=1455697801.471, orig_host=""reporting.com"", psrsvd_ct_CPU_PERCENT=10, psrsvd_gc=10, psrsvd_nc_CPU_PERCENT=10, psrsvd_sm_CPU_PERCENT=219, psrsvd_v=1, psrsvd_vt_CPU_PERCENT=0, report=""si_cpu_usage"""
26,"1455694200.000","si-search-cpu-usage",stash,"reporting.com","ib_system_summary","reporting.com-root","02/17/2016 07:30:00 +0000, search_name=""si-search-cpu-usage"", search_now=1455697800.000, info_min_time=1455694200.000, info_max_time=1455696000.000, info_search_time=1455697801.471, orig_host=""reporting.com"", psrsvd_ct_CPU_PERCENT=10, psrsvd_gc=10, psrsvd_nc_CPU_PERCENT=10, psrsvd_sm_CPU_PERCENT=229, psrsvd_v=1, psrsvd_vt_CPU_PERCENT=0, report=""si_cpu_usage"""
27,"1455693600.000","si-search-cpu-usage",stash,"reporting.com","ib_system_summary","reporting.com-root","02/17/2016 07:20:00 +0000, search_name=""si-search-cpu-usage"", search_now=1455696000.000, info_min_time=1455692400.000, info_max_time=1455694200.000, info_search_time=1455696001.523, orig_host=""reporting.com"", psrsvd_ct_CPU_PERCENT=10, psrsvd_gc=10, psrsvd_nc_CPU_PERCENT=10, psrsvd_sm_CPU_PERCENT=221, psrsvd_v=1, psrsvd_vt_CPU_PERCENT=0, report=""si_cpu_usage"""
28,"1455693000.000","si-search-cpu-usage",stash,"reporting.com","ib_system_summary","reporting.com-root","02/17/2016 07:10:00 +0000, search_name=""si-search-cpu-usage"", search_now=1455696000.000, info_min_time=1455692400.000, info_max_time=1455694200.000, info_search_time=1455696001.523, orig_host=""reporting.com"", psrsvd_ct_CPU_PERCENT=10, psrsvd_gc=10, psrsvd_nc_CPU_PERCENT=10, psrsvd_sm_CPU_PERCENT=233, psrsvd_v=1, psrsvd_vt_CPU_PERCENT=0, report=""si_cpu_usage"""
29,"1455692400.000","si-search-cpu-usage",stash,"reporting.com","ib_system_summary","reporting.com-root","02/17/2016 07:00:00 +0000, search_name=""si-search-cpu-usage"", search_now=1455696000.000, info_min_time=1455692400.000, info_max_time=1455694200.000, info_search_time=1455696001.523, orig_host=""reporting.com"", psrsvd_ct_CPU_PERCENT=10, psrsvd_gc=10, psrsvd_nc_CPU_PERCENT=10, psrsvd_sm_CPU_PERCENT=234, psrsvd_v=1, psrsvd_vt_CPU_PERCENT=0, report=""si_cpu_usage"""
30,"1455691800.000","si-search-cpu-usage",stash,"reporting.com","ib_system_summary","reporting.com-root","02/17/2016 06:50:00 +0000, search_name=""si-search-cpu-usage"", search_now=1455694200.000, info_min_time=1455690600.000, info_max_time=1455692400.000, info_search_time=1455694201.465, orig_host=""reporting.com"", psrsvd_ct_CPU_PERCENT=10, psrsvd_gc=10, psrsvd_nc_CPU_PERCENT=10, psrsvd_sm_CPU_PERCENT=222, psrsvd_v=1, psrsvd_vt_CPU_PERCENT=0, report=""si_cpu_usage"""
31,"1455691200.000","si-search-cpu-usage",stash,"reporting.com","ib_system_summary","reporting.com-root","02/17/2016 06:40:00 +0000, search_name=""si-search-cpu-usage"", search_now=1455694200.000, info_min_time=1455690600.000, info_max_time=1455692400.000, info_search_time=1455694201.465, orig_host=""reporting.com"", psrsvd_ct_CPU_PERCENT=10, psrsvd_gc=10, psrsvd_nc_CPU_PERCENT=10, psrsvd_sm_CPU_PERCENT=233, psrsvd_v=1, psrsvd_vt_CPU_PERCENT=0, report=""si_cpu_usage"""
32,"1455690600.000","si-search-cpu-usage",stash,"reporting.com","ib_system_summary","reporting.com-root","02/17/2016 06:30:00 +0000, search_name=""si-search-cpu-usage"", search_now=1455694200.000, info_min_time=1455690600.000, info_max_time=1455692400.000, info_search_time=1455694201.465, orig_host=""reporting.com"", psrsvd_ct_CPU_PERCENT=10, psrsvd_gc=10, psrsvd_nc_CPU_PERCENT=10, psrsvd_sm_CPU_PERCENT=224, psrsvd_v=1, psrsvd_vt_CPU_PERCENT=0, report=""si_cpu_usage"""
33,"1455690000.000","si-search-cpu-usage",stash,"reporting.com","ib_system_summary","reporting.com-root","02/17/2016 06:20:00 +0000, search_name=""si-search-cpu-usage"", search_now=1455692400.000, info_min_time=1455688800.000, info_max_time=1455690600.000, info_search_time=1455692401.531, orig_host=""reporting.com"", psrsvd_ct_CPU_PERCENT=10, psrsvd_gc=10, psrsvd_nc_CPU_PERCENT=10, psrsvd_sm_CPU_PERCENT=220, psrsvd_v=1, psrsvd_vt_CPU_PERCENT=0, report=""si_cpu_usage"""
34,"1455689400.000","si-search-cpu-usage",stash,"reporting.com","ib_system_summary","reporting.com-root","02/17/2016 06:10:00 +0000, search_name=""si-search-cpu-usage"", search_now=1455692400.000, info_min_time=1455688800.000, info_max_time=1455690600.000, info_search_time=1455692401.531, orig_host=""reporting.com"", psrsvd_ct_CPU_PERCENT=10, psrsvd_gc=10, psrsvd_nc_CPU_PERCENT=10, psrsvd_sm_CPU_PERCENT=231, psrsvd_v=1, psrsvd_vt_CPU_PERCENT=0, report=""si_cpu_usage"""
35,"1455688800.000","si-search-cpu-usage",stash,"reporting.com","ib_system_summary","reporting.com-root","02/17/2016 06:00:00 +0000, search_name=""si-search-cpu-usage"", search_now=1455692400.000, info_min_time=1455688800.000, info_max_time=1455690600.000, info_search_time=1455692401.531, orig_host=""reporting.com"", psrsvd_ct_CPU_PERCENT=10, psrsvd_gc=10, psrsvd_nc_CPU_PERCENT=10, psrsvd_sm_CPU_PERCENT=224, psrsvd_v=1, psrsvd_vt_CPU_PERCENT=0, report=""si_cpu_usage"""
36,"1455688200.000","si-search-cpu-usage",stash,"reporting.com","ib_system_summary","reporting.com-root","02/17/2016 05:50:00 +0000, search_name=""si-search-cpu-usage"", search_now=1455690600.000, info_min_time=1455687000.000, info_max_time=1455688800.000, info_search_time=1455690601.503, orig_host=""reporting.com"", psrsvd_ct_CPU_PERCENT=10, psrsvd_gc=10, psrsvd_nc_CPU_PERCENT=10, psrsvd_sm_CPU_PERCENT=229, psrsvd_v=1, psrsvd_vt_CPU_PERCENT=0, report=""si_cpu_usage"""
37,"1455687600.000","si-search-cpu-usage",stash,"reporting.com","ib_system_summary","reporting.com-root","02/17/2016 05:40:00 +0000, search_name=""si-search-cpu-usage"", search_now=1455690600.000, info_min_time=1455687000.000, info_max_time=1455688800.000, info_search_time=1455690601.503, orig_host=""reporting.com"", psrsvd_ct_CPU_PERCENT=10, psrsvd_gc=10, psrsvd_nc_CPU_PERCENT=10, psrsvd_sm_CPU_PERCENT=213, psrsvd_v=1, psrsvd_vt_CPU_PERCENT=0, report=""si_cpu_usage"""
38,"1455687000.000","si-search-cpu-usage",stash,"reporting.com","ib_system_summary","reporting.com-root","02/17/2016 05:30:00 +0000, search_name=""si-search-cpu-usage"", search_now=1455690600.000, info_min_time=1455687000.000, info_max_time=1455688800.000, info_search_time=1455690601.503, orig_host=""reporting.com"", psrsvd_ct_CPU_PERCENT=10, psrsvd_gc=10, psrsvd_nc_CPU_PERCENT=10, psrsvd_sm_CPU_PERCENT=231, psrsvd_v=1, psrsvd_vt_CPU_PERCENT=0, report=""si_cpu_usage"""
39,"1455686400.000","si-search-cpu-usage",stash,"reporting.com","ib_system_summary","reporting.com-root","02/17/2016 05:20:00 +0000, search_name=""si-search-cpu-usage"", search_now=1455688800.000, info_min_time=1455685200.000, info_max_time=1455687000.000, info_search_time=1455688801.515, orig_host=""reporting.com"", psrsvd_ct_CPU_PERCENT=10, psrsvd_gc=10, psrsvd_nc_CPU_PERCENT=10, psrsvd_sm_CPU_PERCENT=216, psrsvd_v=1, psrsvd_vt_CPU_PERCENT=0, report=""si_cpu_usage"""
40,"1455685800.000","si-search-cpu-usage",stash,"reporting.com","ib_system_summary","reporting.com-root","02/17/2016 05:10:00 +0000, search_name=""si-search-cpu-usage"", search_now=1455688800.000, info_min_time=1455685200.000, info_max_time=1455687000.000, info_search_time=1455688801.515, orig_host=""reporting.com"", psrsvd_ct_CPU_PERCENT=10, psrsvd_gc=10, psrsvd_nc_CPU_PERCENT=10, psrsvd_sm_CPU_PERCENT=224, psrsvd_v=1, psrsvd_vt_CPU_PERCENT=0, report=""si_cpu_usage"""
41,"1455685200.000","si-search-cpu-usage",stash,"reporting.com","ib_system_summary","reporting.com-root","02/17/2016 05:00:00 +0000, search_name=""si-search-cpu-usage"", search_now=1455688800.000, info_min_time=1455685200.000, info_max_time=1455687000.000, info_search_time=1455688801.515, orig_host=""reporting.com"", psrsvd_ct_CPU_PERCENT=10, psrsvd_gc=10, psrsvd_nc_CPU_PERCENT=10, psrsvd_sm_CPU_PERCENT=234, psrsvd_v=1, psrsvd_vt_CPU_PERCENT=0, report=""si_cpu_usage"""
42,"1455684600.000","si-search-cpu-usage",stash,"reporting.com","ib_system_summary","reporting.com-root","02/17/2016 04:50:00 +0000, search_name=""si-search-cpu-usage"", search_now=1455687000.000, info_min_time=1455683400.000, info_max_time=1455685200.000, info_search_time=1455687001.463, orig_host=""reporting.com"", psrsvd_ct_CPU_PERCENT=10, psrsvd_gc=10, psrsvd_nc_CPU_PERCENT=10, psrsvd_sm_CPU_PERCENT=213, psrsvd_v=1, psrsvd_vt_CPU_PERCENT=0, report=""si_cpu_usage"""
43,"1455684000.000","si-search-cpu-usage",stash,"reporting.com","ib_system_summary","reporting.com-root","02/17/2016 04:40:00 +0000, search_name=""si-search-cpu-usage"", search_now=1455687000.000, info_min_time=1455683400.000, info_max_time=1455685200.000, info_search_time=1455687001.463, orig_host=""reporting.com"", psrsvd_ct_CPU_PERCENT=10, psrsvd_gc=10, psrsvd_nc_CPU_PERCENT=10, psrsvd_sm_CPU_PERCENT=219, psrsvd_v=1, psrsvd_vt_CPU_PERCENT=0, report=""si_cpu_usage"""
44,"1455683400.000","si-search-cpu-usage",stash,"reporting.com","ib_system_summary","reporting.com-root","02/17/2016 04:30:00 +0000, search_name=""si-search-cpu-usage"", search_now=1455687000.000, info_min_time=1455683400.000, info_max_time=1455685200.000, info_search_time=1455687001.463, orig_host=""reporting.com"", psrsvd_ct_CPU_PERCENT=10, psrsvd_gc=10, psrsvd_nc_CPU_PERCENT=10, psrsvd_sm_CPU_PERCENT=221, psrsvd_v=1, psrsvd_vt_CPU_PERCENT=0, report=""si_cpu_usage"""
45,"1455682800.000","si-search-cpu-usage",stash,"reporting.com","ib_system_summary","reporting.com-root","02/17/2016 04:20:00 +0000, search_name=""si-search-cpu-usage"", search_now=1455685200.000, info_min_time=1455681600.000, info_max_time=1455683400.000, info_search_time=1455685201.577, orig_host=""reporting.com"", psrsvd_ct_CPU_PERCENT=10, psrsvd_gc=10, psrsvd_nc_CPU_PERCENT=10, psrsvd_sm_CPU_PERCENT=213, psrsvd_v=1, psrsvd_vt_CPU_PERCENT=0, report=""si_cpu_usage"""
46,"1455682200.000","si-search-cpu-usage",stash,"reporting.com","ib_system_summary","reporting.com-root","02/17/2016 04:10:00 +0000, search_name=""si-search-cpu-usage"", search_now=1455685200.000, info_min_time=1455681600.000, info_max_time=1455683400.000, info_search_time=1455685201.577, orig_host=""reporting.com"", psrsvd_ct_CPU_PERCENT=10, psrsvd_gc=10, psrsvd_nc_CPU_PERCENT=10, psrsvd_sm_CPU_PERCENT=224, psrsvd_v=1, psrsvd_vt_CPU_PERCENT=0, report=""si_cpu_usage"""
47,"1455681600.000","si-search-cpu-usage",stash,"reporting.com","ib_system_summary","reporting.com-root","02/17/2016 04:00:00 +0000, search_name=""si-search-cpu-usage"", search_now=1455685200.000, info_min_time=1455681600.000, info_max_time=1455683400.000, info_search_time=1455685201.577, orig_host=""reporting.com"", psrsvd_ct_CPU_PERCENT=10, psrsvd_gc=10, psrsvd_nc_CPU_PERCENT=10, psrsvd_sm_CPU_PERCENT=220, psrsvd_v=1, psrsvd_vt_CPU_PERCENT=0, report=""si_cpu_usage"""
48,"1455681000.000","si-search-cpu-usage",stash,"reporting.com","ib_system_summary","reporting.com-root","02/17/2016 03:50:00 +0000, search_name=""si-search-cpu-usage"", search_now=1455683400.000, info_min_time=1455679800.000, info_max_time=1455681600.000, info_search_time=1455683401.470, orig_host=""reporting.com"", psrsvd_ct_CPU_PERCENT=10, psrsvd_gc=10, psrsvd_nc_CPU_PERCENT=10, psrsvd_sm_CPU_PERCENT=217, psrsvd_v=1, psrsvd_vt_CPU_PERCENT=0, report=""si_cpu_usage"""
49,"1455680400.000","si-search-cpu-usage",stash,"reporting.com","ib_system_summary","reporting.com-root","02/17/2016 03:40:00 +0000, search_name=""si-search-cpu-usage"", search_now=1455683400.000, info_min_time=1455679800.000, info_max_time=1455681600.000, info_search_time=1455683401.470, orig_host=""reporting.com"", psrsvd_ct_CPU_PERCENT=10, psrsvd_gc=10, psrsvd_nc_CPU_PERCENT=10, psrsvd_sm_CPU_PERCENT=217, psrsvd_v=1, psrsvd_vt_CPU_PERCENT=0, report=""si_cpu_usage"""
50,"1455679800.000","si-search-cpu-usage",stash,"reporting.com","ib_system_summary","reporting.com-root","02/17/2016 03:30:00 +0000, search_name=""si-search-cpu-usage"", search_now=1455683400.000, info_min_time=1455679800.000, info_max_time=1455681600.000, info_search_time=1455683401.470, orig_host=""reporting.com"", psrsvd_ct_CPU_PERCENT=10, psrsvd_gc=10, psrsvd_nc_CPU_PERCENT=10, psrsvd_sm_CPU_PERCENT=222, psrsvd_v=1, psrsvd_vt_CPU_PERCENT=0, report=""si_cpu_usage"""
51,"1455679200.000","si-search-cpu-usage",stash,"reporting.com","ib_system_summary","reporting.com-root","02/17/2016 03:20:00 +0000, search_name=""si-search-cpu-usage"", search_now=1455681600.000, info_min_time=1455678000.000, info_max_time=1455679800.000, info_search_time=1455681601.475, orig_host=""reporting.com"", psrsvd_ct_CPU_PERCENT=10, psrsvd_gc=10, psrsvd_nc_CPU_PERCENT=10, psrsvd_sm_CPU_PERCENT=216, psrsvd_v=1, psrsvd_vt_CPU_PERCENT=0, report=""si_cpu_usage"""
52,"1455678600.000","si-search-cpu-usage",stash,"reporting.com","ib_system_summary","reporting.com-root","02/17/2016 03:10:00 +0000, search_name=""si-search-cpu-usage"", search_now=1455681600.000, info_min_time=1455678000.000, info_max_time=1455679800.000, info_search_time=1455681601.475, orig_host=""reporting.com"", psrsvd_ct_CPU_PERCENT=10, psrsvd_gc=10, psrsvd_nc_CPU_PERCENT=10, psrsvd_sm_CPU_PERCENT=221, psrsvd_v=1, psrsvd_vt_CPU_PERCENT=0, report=""si_cpu_usage"""
53,"1455678000.000","si-search-cpu-usage",stash,"reporting.com","ib_system_summary","reporting.com-root","02/17/2016 03:00:00 +0000, search_name=""si-search-cpu-usage"", search_now=1455681600.000, info_min_time=1455678000.000, info_max_time=1455679800.000, info_search_time=1455681601.475, orig_host=""reporting.com"", psrsvd_ct_CPU_PERCENT=10, psrsvd_gc=10, psrsvd_nc_CPU_PERCENT=10, psrsvd_sm_CPU_PERCENT=225, psrsvd_v=1, psrsvd_vt_CPU_PERCENT=0, report=""si_cpu_usage"""
54,"1455677400.000","si-search-cpu-usage",stash,"reporting.com","ib_system_summary","reporting.com-root","02/17/2016 02:50:00 +0000, search_name=""si-search-cpu-usage"", search_now=1455679800.000, info_min_time=1455676200.000, info_max_time=1455678000.000, info_search_time=1455679801.463, orig_host=""reporting.com"", psrsvd_ct_CPU_PERCENT=10, psrsvd_gc=10, psrsvd_nc_CPU_PERCENT=10, psrsvd_sm_CPU_PERCENT=214, psrsvd_v=1, psrsvd_vt_CPU_PERCENT=0, report=""si_cpu_usage"""
55,"1455676800.000","si-search-cpu-usage",stash,"reporting.com","ib_system_summary","reporting.com-root","02/17/2016 02:40:00 +0000, search_name=""si-search-cpu-usage"", search_now=1455679800.000, info_min_time=1455676200.000, info_max_time=1455678000.000, info_search_time=1455679801.463, orig_host=""reporting.com"", psrsvd_ct_CPU_PERCENT=10, psrsvd_gc=10, psrsvd_nc_CPU_PERCENT=10, psrsvd_sm_CPU_PERCENT=218, psrsvd_v=1, psrsvd_vt_CPU_PERCENT=0, report=""si_cpu_usage"""
56,"1455676200.000","si-search-cpu-usage",stash,"reporting.com","ib_system_summary","reporting.com-root","02/17/2016 02:30:00 +0000, search_name=""si-search-cpu-usage"", search_now=1455679800.000, info_min_time=1455676200.000, info_max_time=1455678000.000, info_search_time=1455679801.463, orig_host=""reporting.com"", psrsvd_ct_CPU_PERCENT=10, psrsvd_gc=10, psrsvd_nc_CPU_PERCENT=10, psrsvd_sm_CPU_PERCENT=223, psrsvd_v=1, psrsvd_vt_CPU_PERCENT=0, report=""si_cpu_usage"""
57,"1455675600.000","si-search-cpu-usage",stash,"reporting.com","ib_system_summary","reporting.com-root","02/17/2016 02:20:00 +0000, search_name=""si-search-cpu-usage"", search_now=1455678000.000, info_min_time=1455674400.000, info_max_time=1455676200.000, info_search_time=1455678001.542, orig_host=""reporting.com"", psrsvd_ct_CPU_PERCENT=10, psrsvd_gc=10, psrsvd_nc_CPU_PERCENT=10, psrsvd_sm_CPU_PERCENT=213, psrsvd_v=1, psrsvd_vt_CPU_PERCENT=0, report=""si_cpu_usage"""
58,"1455675000.000","si-search-cpu-usage",stash,"reporting.com","ib_system_summary","reporting.com-root","02/17/2016 02:10:00 +0000, search_name=""si-search-cpu-usage"", search_now=1455678000.000, info_min_time=1455674400.000, info_max_time=1455676200.000, info_search_time=1455678001.542, orig_host=""reporting.com"", psrsvd_ct_CPU_PERCENT=10, psrsvd_gc=10, psrsvd_nc_CPU_PERCENT=10, psrsvd_sm_CPU_PERCENT=217, psrsvd_v=1, psrsvd_vt_CPU_PERCENT=0, report=""si_cpu_usage"""
59,"1455674400.000","si-search-cpu-usage",stash,"reporting.com","ib_system_summary","reporting.com-root","02/17/2016 02:00:00 +0000, search_name=""si-search-cpu-usage"", search_now=1455678000.000, info_min_time=1455674400.000, info_max_time=1455676200.000, info_search_time=1455678001.542, orig_host=""reporting.com"", psrsvd_ct_CPU_PERCENT=10, psrsvd_gc=10, psrsvd_nc_CPU_PERCENT=10, psrsvd_sm_CPU_PERCENT=218, psrsvd_v=1, psrsvd_vt_CPU_PERCENT=0, report=""si_cpu_usage"""
60,"1455673800.000","si-search-cpu-usage",stash,"reporting.com","ib_system_summary","reporting.com-root","02/17/2016 01:50:00 +0000, search_name=""si-search-cpu-usage"", search_now=1455676200.000, info_min_time=1455672600.000, info_max_time=1455674400.000, info_search_time=1455676201.465, orig_host=""reporting.com"", psrsvd_ct_CPU_PERCENT=10, psrsvd_gc=10, psrsvd_nc_CPU_PERCENT=10, psrsvd_sm_CPU_PERCENT=213, psrsvd_v=1, psrsvd_vt_CPU_PERCENT=0, report=""si_cpu_usage"""
61,"1455673200.000","si-search-cpu-usage",stash,"reporting.com","ib_system_summary","reporting.com-root","02/17/2016 01:40:00 +0000, search_name=""si-search-cpu-usage"", search_now=1455676200.000, info_min_time=1455672600.000, info_max_time=1455674400.000, info_search_time=1455676201.465, orig_host=""reporting.com"", psrsvd_ct_CPU_PERCENT=10, psrsvd_gc=10, psrsvd_nc_CPU_PERCENT=10, psrsvd_sm_CPU_PERCENT=216, psrsvd_v=1, psrsvd_vt_CPU_PERCENT=0, report=""si_cpu_usage"""
62,"1455672600.000","si-search-cpu-usage",stash,"reporting.com","ib_system_summary","reporting.com-root","02/17/2016 01:30:00 +0000, search_name=""si-search-cpu-usage"", search_now=1455676200.000, info_min_time=1455672600.000, info_max_time=1455674400.000, info_search_time=1455676201.465, orig_host=""reporting.com"", psrsvd_ct_CPU_PERCENT=10, psrsvd_gc=10, psrsvd_nc_CPU_PERCENT=10, psrsvd_sm_CPU_PERCENT=215, psrsvd_v=1, psrsvd_vt_CPU_PERCENT=0, report=""si_cpu_usage"""
63,"1455672000.000","si-search-cpu-usage",stash,"reporting.com","ib_system_summary","reporting.com-root","02/17/2016 01:20:00 +0000, search_name=""si-search-cpu-usage"", search_now=1455674400.000, info_min_time=1455670800.000, info_max_time=1455672600.000, info_search_time=1455674401.476, orig_host=""reporting.com"", psrsvd_ct_CPU_PERCENT=10, psrsvd_gc=10, psrsvd_nc_CPU_PERCENT=10, psrsvd_sm_CPU_PERCENT=214, psrsvd_v=1, psrsvd_vt_CPU_PERCENT=0, report=""si_cpu_usage"""
64,"1455671400.000","si-search-cpu-usage",stash,"reporting.com","ib_system_summary","reporting.com-root","02/17/2016 01:10:00 +0000, search_name=""si-search-cpu-usage"", search_now=1455674400.000, info_min_time=1455670800.000, info_max_time=1455672600.000, info_search_time=1455674401.476, orig_host=""reporting.com"", psrsvd_ct_CPU_PERCENT=10, psrsvd_gc=10, psrsvd_nc_CPU_PERCENT=10, psrsvd_sm_CPU_PERCENT=219, psrsvd_v=1, psrsvd_vt_CPU_PERCENT=0, report=""si_cpu_usage"""
65,"1455670800.000","si-search-cpu-usage",stash,"reporting.com","ib_system_summary","reporting.com-root","02/17/2016 01:00:00 +0000, search_name=""si-search-cpu-usage"", search_now=1455674400.000, info_min_time=1455670800.000, info_max_time=1455672600.000, info_search_time=1455674401.476, orig_host=""reporting.com"", psrsvd_ct_CPU_PERCENT=10, psrsvd_gc=10, psrsvd_nc_CPU_PERCENT=10, psrsvd_sm_CPU_PERCENT=225, psrsvd_v=1, psrsvd_vt_CPU_PERCENT=0, report=""si_cpu_usage"""
66,"1455670200.000","si-search-cpu-usage",stash,"reporting.com","ib_system_summary","reporting.com-root","02/17/2016 00:50:00 +0000, search_name=""si-search-cpu-usage"", search_now=1455672600.000, info_min_time=1455669000.000, info_max_time=1455670800.000, info_search_time=1455672601.547, orig_host=""reporting.com"", psrsvd_ct_CPU_PERCENT=10, psrsvd_gc=10, psrsvd_nc_CPU_PERCENT=10, psrsvd_sm_CPU_PERCENT=211, psrsvd_v=1, psrsvd_vt_CPU_PERCENT=0, report=""si_cpu_usage"""
67,"1455669600.000","si-search-cpu-usage",stash,"reporting.com","ib_system_summary","reporting.com-root","02/17/2016 00:40:00 +0000, search_name=""si-search-cpu-usage"", search_now=1455672600.000, info_min_time=1455669000.000, info_max_time=1455670800.000, info_search_time=1455672601.547, orig_host=""reporting.com"", psrsvd_ct_CPU_PERCENT=10, psrsvd_gc=10, psrsvd_nc_CPU_PERCENT=10, psrsvd_sm_CPU_PERCENT=218, psrsvd_v=1, psrsvd_vt_CPU_PERCENT=0, report=""si_cpu_usage"""
68,"1455669000.000","si-search-cpu-usage",stash,"reporting.com","ib_system_summary","reporting.com-root","02/17/2016 00:30:00 +0000, search_name=""si-search-cpu-usage"", search_now=1455672600.000, info_min_time=1455669000.000, info_max_time=1455670800.000, info_search_time=1455672601.547, orig_host=""reporting.com"", psrsvd_ct_CPU_PERCENT=10, psrsvd_gc=10, psrsvd_nc_CPU_PERCENT=10, psrsvd_sm_CPU_PERCENT=220, psrsvd_v=1, psrsvd_vt_CPU_PERCENT=0, report=""si_cpu_usage"""
69,"1455668400.000","si-search-cpu-usage",stash,"reporting.com","ib_system_summary","reporting.com-root","02/17/2016 00:20:00 +0000, search_name=""si-search-cpu-usage"", search_now=1455670800.000, info_min_time=1455667200.000, info_max_time=1455669000.000, info_search_time=1455670801.538, orig_host=""reporting.com"", psrsvd_ct_CPU_PERCENT=10, psrsvd_gc=10, psrsvd_nc_CPU_PERCENT=10, psrsvd_sm_CPU_PERCENT=215, psrsvd_v=1, psrsvd_vt_CPU_PERCENT=0, report=""si_cpu_usage"""
70,"1455667800.000","si-search-cpu-usage",stash,"reporting.com","ib_system_summary","reporting.com-root","02/17/2016 00:10:00 +0000, search_name=""si-search-cpu-usage"", search_now=1455670800.000, info_min_time=1455667200.000, info_max_time=1455669000.000, info_search_time=1455670801.538, orig_host=""reporting.com"", psrsvd_ct_CPU_PERCENT=10, psrsvd_gc=10, psrsvd_nc_CPU_PERCENT=10, psrsvd_sm_CPU_PERCENT=221, psrsvd_v=1, psrsvd_vt_CPU_PERCENT=0, report=""si_cpu_usage"""
71,"1455667200.000","si-search-cpu-usage",stash,"reporting.com","ib_system_summary","reporting.com-root","02/17/2016 00:00:00 +0000, search_name=""si-search-cpu-usage"", search_now=1455670800.000, info_min_time=1455667200.000, info_max_time=1455669000.000, info_search_time=1455670801.538, orig_host=""reporting.com"", psrsvd_ct_CPU_PERCENT=10, psrsvd_gc=10, psrsvd_nc_CPU_PERCENT=10, psrsvd_sm_CPU_PERCENT=220, psrsvd_v=1, psrsvd_vt_CPU_PERCENT=0, report=""si_cpu_usage"""
72,"1455666600.000","si-search-cpu-usage",stash,"reporting.com","ib_system_summary","reporting.com-root","02/16/2016 23:50:00 +0000, search_name=""si-search-cpu-usage"", search_now=1455669000.000, info_min_time=1455665400.000, info_max_time=1455667200.000, info_search_time=1455669001.497, orig_host=""reporting.com"", psrsvd_ct_CPU_PERCENT=10, psrsvd_gc=10, psrsvd_nc_CPU_PERCENT=10, psrsvd_sm_CPU_PERCENT=213, psrsvd_v=1, psrsvd_vt_CPU_PERCENT=0, report=""si_cpu_usage"""
73,"1455666000.000","si-search-cpu-usage",stash,"reporting.com","ib_system_summary","reporting.com-root","02/16/2016 23:40:00 +0000, search_name=""si-search-cpu-usage"", search_now=1455669000.000, info_min_time=1455665400.000, info_max_time=1455667200.000, info_search_time=1455669001.497, orig_host=""reporting.com"", psrsvd_ct_CPU_PERCENT=10, psrsvd_gc=10, psrsvd_nc_CPU_PERCENT=10, psrsvd_sm_CPU_PERCENT=218, psrsvd_v=1, psrsvd_vt_CPU_PERCENT=0, report=""si_cpu_usage"""
74,"1455665400.000","si-search-cpu-usage",stash,"reporting.com","ib_system_summary","reporting.com-root","02/16/2016 23:30:00 +0000, search_name=""si-search-cpu-usage"", search_now=1455669000.000, info_min_time=1455665400.000, info_max_time=1455667200.000, info_search_time=1455669001.497, orig_host=""reporting.com"", psrsvd_ct_CPU_PERCENT=10, psrsvd_gc=10, psrsvd_nc_CPU_PERCENT=10, psrsvd_sm_CPU_PERCENT=221, psrsvd_v=1, psrsvd_vt_CPU_PERCENT=0, report=""si_cpu_usage"""
75,"1455664800.000","si-search-cpu-usage",stash,"reporting.com","ib_system_summary","reporting.com-root","02/16/2016 23:20:00 +0000, search_name=""si-search-cpu-usage"", search_now=1455667200.000, info_min_time=1455663600.000, info_max_time=1455665400.000, info_search_time=1455667201.506, orig_host=""reporting.com"", psrsvd_ct_CPU_PERCENT=10, psrsvd_gc=10, psrsvd_nc_CPU_PERCENT=10, psrsvd_sm_CPU_PERCENT=213, psrsvd_v=1, psrsvd_vt_CPU_PERCENT=0, report=""si_cpu_usage"""
76,"1455664200.000","si-search-cpu-usage",stash,"reporting.com","ib_system_summary","reporting.com-root","02/16/2016 23:10:00 +0000, search_name=""si-search-cpu-usage"", search_now=1455667200.000, info_min_time=1455663600.000, info_max_time=1455665400.000, info_search_time=1455667201.506, orig_host=""reporting.com"", psrsvd_ct_CPU_PERCENT=10, psrsvd_gc=10, psrsvd_nc_CPU_PERCENT=10, psrsvd_sm_CPU_PERCENT=224, psrsvd_v=1, psrsvd_vt_CPU_PERCENT=0, report=""si_cpu_usage"""
77,"1455663600.000","si-search-cpu-usage",stash,"reporting.com","ib_system_summary","reporting.com-root","02/16/2016 23:00:00 +0000, search_name=""si-search-cpu-usage"", search_now=1455667200.000, info_min_time=1455663600.000, info_max_time=1455665400.000, info_search_time=1455667201.506, orig_host=""reporting.com"", psrsvd_ct_CPU_PERCENT=10, psrsvd_gc=10, psrsvd_nc_CPU_PERCENT=10, psrsvd_sm_CPU_PERCENT=223, psrsvd_v=1, psrsvd_vt_CPU_PERCENT=0, report=""si_cpu_usage"""
78,"1455663000.000","si-search-cpu-usage",stash,"reporting.com","ib_system_summary","reporting.com-root","02/16/2016 22:50:00 +0000, search_name=""si-search-cpu-usage"", search_now=1455665400.000, info_min_time=1455661800.000, info_max_time=1455663600.000, info_search_time=1455665401.486, orig_host=""reporting.com"", psrsvd_ct_CPU_PERCENT=10, psrsvd_gc=10, psrsvd_nc_CPU_PERCENT=10, psrsvd_sm_CPU_PERCENT=218, psrsvd_v=1, psrsvd_vt_CPU_PERCENT=0, report=""si_cpu_usage"""
79,"1455662400.000","si-search-cpu-usage",stash,"reporting.com","ib_system_summary","reporting.com-root","02/16/2016 22:40:00 +0000, search_name=""si-search-cpu-usage"", search_now=1455665400.000, info_min_time=1455661800.000, info_max_time=1455663600.000, info_search_time=1455665401.486, orig_host=""reporting.com"", psrsvd_ct_CPU_PERCENT=10, psrsvd_gc=10, psrsvd_nc_CPU_PERCENT=10, psrsvd_sm_CPU_PERCENT=220, psrsvd_v=1, psrsvd_vt_CPU_PERCENT=0, report=""si_cpu_usage"""
80,"1455661800.000","si-search-cpu-usage",stash,"reporting.com","ib_system_summary","reporting.com-root","02/16/2016 22:30:00 +0000, search_name=""si-search-cpu-usage"", search_now=1455665400.000, info_min_time=1455661800.000, info_max_time=1455663600.000, info_search_time=1455665401.486, orig_host=""reporting.com"", psrsvd_ct_CPU_PERCENT=10, psrsvd_gc=10, psrsvd_nc_CPU_PERCENT=10, psrsvd_sm_CPU_PERCENT=215, psrsvd_v=1, psrsvd_vt_CPU_PERCENT=0, report=""si_cpu_usage"""
81,"1455661200.000","si-search-cpu-usage",stash,"reporting.com","ib_system_summary","reporting.com-root","02/16/2016 22:20:00 +0000, search_name=""si-search-cpu-usage"", search_now=1455663600.000, info_min_time=1455660000.000, info_max_time=1455661800.000, info_search_time=1455663601.569, orig_host=""reporting.com"", psrsvd_ct_CPU_PERCENT=10, psrsvd_gc=10, psrsvd_nc_CPU_PERCENT=10, psrsvd_sm_CPU_PERCENT=221, psrsvd_v=1, psrsvd_vt_CPU_PERCENT=0, report=""si_cpu_usage"""
82,"1455660600.000","si-search-cpu-usage",stash,"reporting.com","ib_system_summary","reporting.com-root","02/16/2016 22:10:00 +0000, search_name=""si-search-cpu-usage"", search_now=1455663600.000, info_min_time=1455660000.000, info_max_time=1455661800.000, info_search_time=1455663601.569, orig_host=""reporting.com"", psrsvd_ct_CPU_PERCENT=10, psrsvd_gc=10, psrsvd_nc_CPU_PERCENT=10, psrsvd_sm_CPU_PERCENT=217, psrsvd_v=1, psrsvd_vt_CPU_PERCENT=0, report=""si_cpu_usage"""
83,"1455660000.000","si-search-cpu-usage",stash,"reporting.com","ib_system_summary","reporting.com-root","02/16/2016 22:00:00 +0000, search_name=""si-search-cpu-usage"", search_now=1455663600.000, info_min_time=1455660000.000, info_max_time=1455661800.000, info_search_time=1455663601.569, orig_host=""reporting.com"", psrsvd_ct_CPU_PERCENT=10, psrsvd_gc=10, psrsvd_nc_CPU_PERCENT=10, psrsvd_sm_CPU_PERCENT=220, psrsvd_v=1, psrsvd_vt_CPU_PERCENT=0, report=""si_cpu_usage"""
84,"1455659400.000","si-search-cpu-usage",stash,"reporting.com","ib_system_summary","reporting.com-root","02/16/2016 21:50:00 +0000, search_name=""si-search-cpu-usage"", search_now=1455661800.000, info_min_time=1455658200.000, info_max_time=1455660000.000, info_search_time=1455661801.461, orig_host=""reporting.com"", psrsvd_ct_CPU_PERCENT=10, psrsvd_gc=10, psrsvd_nc_CPU_PERCENT=10, psrsvd_sm_CPU_PERCENT=212, psrsvd_v=1, psrsvd_vt_CPU_PERCENT=0, report=""si_cpu_usage"""
85,"1455658800.000","si-search-cpu-usage",stash,"reporting.com","ib_system_summary","reporting.com-root","02/16/2016 21:40:00 +0000, search_name=""si-search-cpu-usage"", search_now=1455661800.000, info_min_time=1455658200.000, info_max_time=1455660000.000, info_search_time=1455661801.461, orig_host=""reporting.com"", psrsvd_ct_CPU_PERCENT=10, psrsvd_gc=10, psrsvd_nc_CPU_PERCENT=10, psrsvd_sm_CPU_PERCENT=214, psrsvd_v=1, psrsvd_vt_CPU_PERCENT=0, report=""si_cpu_usage"""
86,"1455658200.000","si-search-cpu-usage",stash,"reporting.com","ib_system_summary","reporting.com-root","02/16/2016 21:30:00 +0000, search_name=""si-search-cpu-usage"", search_now=1455661800.000, info_min_time=1455658200.000, info_max_time=1455660000.000, info_search_time=1455661801.461, orig_host=""reporting.com"", psrsvd_ct_CPU_PERCENT=10, psrsvd_gc=10, psrsvd_nc_CPU_PERCENT=10, psrsvd_sm_CPU_PERCENT=216, psrsvd_v=1, psrsvd_vt_CPU_PERCENT=0, report=""si_cpu_usage"""
87,"1455657600.000","si-search-cpu-usage",stash,"reporting.com","ib_system_summary","reporting.com-root","02/16/2016 21:20:00 +0000, search_name=""si-search-cpu-usage"", search_now=1455660000.000, info_min_time=1455656400.000, info_max_time=1455658200.000, info_search_time=1455660001.480, orig_host=""reporting.com"", psrsvd_ct_CPU_PERCENT=10, psrsvd_gc=10, psrsvd_nc_CPU_PERCENT=10, psrsvd_sm_CPU_PERCENT=215, psrsvd_v=1, psrsvd_vt_CPU_PERCENT=0, report=""si_cpu_usage"""
88,"1455657000.000","si-search-cpu-usage",stash,"reporting.com","ib_system_summary","reporting.com-root","02/16/2016 21:10:00 +0000, search_name=""si-search-cpu-usage"", search_now=1455660000.000, info_min_time=1455656400.000, info_max_time=1455658200.000, info_search_time=1455660001.480, orig_host=""reporting.com"", psrsvd_ct_CPU_PERCENT=10, psrsvd_gc=10, psrsvd_nc_CPU_PERCENT=10, psrsvd_sm_CPU_PERCENT=219, psrsvd_v=1, psrsvd_vt_CPU_PERCENT=0, report=""si_cpu_usage"""
89,"1455656400.000","si-search-cpu-usage",stash,"reporting.com","ib_system_summary","reporting.com-root","02/16/2016 21:00:00 +0000, search_name=""si-search-cpu-usage"", search_now=1455660000.000, info_min_time=1455656400.000, info_max_time=1455658200.000, info_search_time=1455660001.480, orig_host=""reporting.com"", psrsvd_ct_CPU_PERCENT=10, psrsvd_gc=10, psrsvd_nc_CPU_PERCENT=10, psrsvd_sm_CPU_PERCENT=214, psrsvd_v=1, psrsvd_vt_CPU_PERCENT=0, report=""si_cpu_usage"""
90,"1455655800.000","si-search-cpu-usage",stash,"reporting.com","ib_system_summary","reporting.com-root","02/16/2016 20:50:00 +0000, search_name=""si-search-cpu-usage"", search_now=1455658200.000, info_min_time=1455654600.000, info_max_time=1455656400.000, info_search_time=1455658201.489, orig_host=""reporting.com"", psrsvd_ct_CPU_PERCENT=10, psrsvd_gc=10, psrsvd_nc_CPU_PERCENT=10, psrsvd_sm_CPU_PERCENT=217, psrsvd_v=1, psrsvd_vt_CPU_PERCENT=0, report=""si_cpu_usage"""
91,"1455655200.000","si-search-cpu-usage",stash,"reporting.com","ib_system_summary","reporting.com-root","02/16/2016 20:40:00 +0000, search_name=""si-search-cpu-usage"", search_now=1455658200.000, info_min_time=1455654600.000, info_max_time=1455656400.000, info_search_time=1455658201.489, orig_host=""reporting.com"", psrsvd_ct_CPU_PERCENT=10, psrsvd_gc=10, psrsvd_nc_CPU_PERCENT=10, psrsvd_sm_CPU_PERCENT=219, psrsvd_v=1, psrsvd_vt_CPU_PERCENT=0, report=""si_cpu_usage"""
92,"1455654600.000","si-search-cpu-usage",stash,"reporting.com","ib_system_summary","reporting.com-root","02/16/2016 20:30:00 +0000, search_name=""si-search-cpu-usage"", search_now=1455658200.000, info_min_time=1455654600.000, info_max_time=1455656400.000, info_search_time=1455658201.489, orig_host=""reporting.com"", psrsvd_ct_CPU_PERCENT=10, psrsvd_gc=10, psrsvd_nc_CPU_PERCENT=10, psrsvd_sm_CPU_PERCENT=214, psrsvd_v=1, psrsvd_vt_CPU_PERCENT=0, report=""si_cpu_usage"""
93,"1455654000.000","si-search-cpu-usage",stash,"reporting.com","ib_system_summary","reporting.com-root","02/16/2016 20:20:00 +0000, search_name=""si-search-cpu-usage"", search_now=1455656400.000, info_min_time=1455652800.000, info_max_time=1455654600.000, info_search_time=1455656401.507, orig_host=""reporting.com"", psrsvd_ct_CPU_PERCENT=10, psrsvd_gc=10, psrsvd_nc_CPU_PERCENT=10, psrsvd_sm_CPU_PERCENT=219, psrsvd_v=1, psrsvd_vt_CPU_PERCENT=0, report=""si_cpu_usage"""
94,"1455653400.000","si-search-cpu-usage",stash,"reporting.com","ib_system_summary","reporting.com-root","02/16/2016 20:10:00 +0000, search_name=""si-search-cpu-usage"", search_now=1455656400.000, info_min_time=1455652800.000, info_max_time=1455654600.000, info_search_time=1455656401.507, orig_host=""reporting.com"", psrsvd_ct_CPU_PERCENT=10, psrsvd_gc=10, psrsvd_nc_CPU_PERCENT=10, psrsvd_sm_CPU_PERCENT=211, psrsvd_v=1, psrsvd_vt_CPU_PERCENT=0, report=""si_cpu_usage"""
95,"1455652800.000","si-search-cpu-usage",stash,"reporting.com","ib_system_summary","reporting.com-root","02/16/2016 20:00:00 +0000, search_name=""si-search-cpu-usage"", search_now=1455656400.000, info_min_time=1455652800.000, info_max_time=1455654600.000, info_search_time=1455656401.507, orig_host=""reporting.com"", psrsvd_ct_CPU_PERCENT=10, psrsvd_gc=10, psrsvd_nc_CPU_PERCENT=10, psrsvd_sm_CPU_PERCENT=219, psrsvd_v=1, psrsvd_vt_CPU_PERCENT=0, report=""si_cpu_usage"""
96,"1455652200.000","si-search-cpu-usage",stash,"reporting.com","ib_system_summary","reporting.com-root","02/16/2016 19:50:00 +0000, search_name=""si-search-cpu-usage"", search_now=1455654600.000, info_min_time=1455651000.000, info_max_time=1455652800.000, info_search_time=1455654601.486, orig_host=""reporting.com"", psrsvd_ct_CPU_PERCENT=10, psrsvd_gc=10, psrsvd_nc_CPU_PERCENT=10, psrsvd_sm_CPU_PERCENT=219, psrsvd_v=1, psrsvd_vt_CPU_PERCENT=0, report=""si_cpu_usage"""
97,"1455651600.000","si-search-cpu-usage",stash,"reporting.com","ib_system_summary","reporting.com-root","02/16/2016 19:40:00 +0000, search_name=""si-search-cpu-usage"", search_now=1455654600.000, info_min_time=1455651000.000, info_max_time=1455652800.000, info_search_time=1455654601.486, orig_host=""reporting.com"", psrsvd_ct_CPU_PERCENT=10, psrsvd_gc=10, psrsvd_nc_CPU_PERCENT=10, psrsvd_sm_CPU_PERCENT=219, psrsvd_v=1, psrsvd_vt_CPU_PERCENT=0, report=""si_cpu_usage"""
98,"1455651000.000","si-search-cpu-usage",stash,"reporting.com","ib_system_summary","reporting.com-root","02/16/2016 19:30:00 +0000, search_name=""si-search-cpu-usage"", search_now=1455654600.000, info_min_time=1455651000.000, info_max_time=1455652800.000, info_search_time=1455654601.486, orig_host=""reporting.com"", psrsvd_ct_CPU_PERCENT=10, psrsvd_gc=10, psrsvd_nc_CPU_PERCENT=10, psrsvd_sm_CPU_PERCENT=214, psrsvd_v=1, psrsvd_vt_CPU_PERCENT=0, report=""si_cpu_usage"""
99,"1455650400.000","si-search-cpu-usage",stash,"reporting.com","ib_system_summary","reporting.com-root","02/16/2016 19:20:00 +0000, search_name=""si-search-cpu-usage"", search_now=1455652800.000, info_min_time=1455649200.000, info_max_time=1455651000.000, info_search_time=1455652801.497, orig_host=""reporting.com"", psrsvd_ct_CPU_PERCENT=10, psrsvd_gc=10, psrsvd_nc_CPU_PERCENT=10, psrsvd_sm_CPU_PERCENT=213, psrsvd_v=1, psrsvd_vt_CPU_PERCENT=0, report=""si_cpu_usage"""
100,"1455649800.000","si-search-cpu-usage",stash,"reporting.com","ib_system_summary","reporting.com-root","02/16/2016 19:10:00 +0000, search_name=""si-search-cpu-usage"", search_now=1455652800.000, info_min_time=1455649200.000, info_max_time=1455651000.000, info_search_time=1455652801.497, orig_host=""reporting.com"", psrsvd_ct_CPU_PERCENT=10, psrsvd_gc=10, psrsvd_nc_CPU_PERCENT=10, psrsvd_sm_CPU_PERCENT=221, psrsvd_v=1, psrsvd_vt_CPU_PERCENT=0, report=""si_cpu_usage"""
101,"1455649200.000","si-search-cpu-usage",stash,"reporting.com","ib_system_summary","reporting.com-root","02/16/2016 19:00:00 +0000, search_name=""si-search-cpu-usage"", search_now=1455652800.000, info_min_time=1455649200.000, info_max_time=1455651000.000, info_search_time=1455652801.497, orig_host=""reporting.com"", psrsvd_ct_CPU_PERCENT=10, psrsvd_gc=10, psrsvd_nc_CPU_PERCENT=10, psrsvd_sm_CPU_PERCENT=213, psrsvd_v=1, psrsvd_vt_CPU_PERCENT=0, report=""si_cpu_usage"""
102,"1455648600.000","si-search-cpu-usage",stash,"reporting.com","ib_system_summary","reporting.com-root","02/16/2016 18:50:00 +0000, search_name=""si-search-cpu-usage"", search_now=1455651000.000, info_min_time=1455647400.000, info_max_time=1455649200.000, info_search_time=1455651001.526, orig_host=""reporting.com"", psrsvd_ct_CPU_PERCENT=10, psrsvd_gc=10, psrsvd_nc_CPU_PERCENT=10, psrsvd_sm_CPU_PERCENT=217, psrsvd_v=1, psrsvd_vt_CPU_PERCENT=0, report=""si_cpu_usage"""
103,"1455648000.000","si-search-cpu-usage",stash,"reporting.com","ib_system_summary","reporting.com-root","02/16/2016 18:40:00 +0000, search_name=""si-search-cpu-usage"", search_now=1455651000.000, info_min_time=1455647400.000, info_max_time=1455649200.000, info_search_time=1455651001.526, orig_host=""reporting.com"", psrsvd_ct_CPU_PERCENT=10, psrsvd_gc=10, psrsvd_nc_CPU_PERCENT=10, psrsvd_sm_CPU_PERCENT=220, psrsvd_v=1, psrsvd_vt_CPU_PERCENT=0, report=""si_cpu_usage"""
104,"1455647400.000","si-search-cpu-usage",stash,"reporting.com","ib_system_summary","reporting.com-root","02/16/2016 18:30:00 +0000, search_name=""si-search-cpu-usage"", search_now=1455651000.000, info_min_time=1455647400.000, info_max_time=1455649200.000, info_search_time=1455651001.526, orig_host=""reporting.com"", psrsvd_ct_CPU_PERCENT=10, psrsvd_gc=10, psrsvd_nc_CPU_PERCENT=10, psrsvd_sm_CPU_PERCENT=231, psrsvd_v=1, psrsvd_vt_CPU_PERCENT=0, report=""si_cpu_usage"""
105,"1455647400.000","si-search-cpu-usage",stash,"reporting.com","ib_system_summary","reporting.com-root","02/16/2016 18:30:00 +0000, search_name=""si-search-cpu-usage"", search_now=1455651000.000, info_min_time=1455647400.000, info_max_time=1455649200.000, info_search_time=1455651001.526, orig_host=""master.com"", psrsvd_ct_CPU_PERCENT=4, psrsvd_gc=4, psrsvd_nc_CPU_PERCENT=4, psrsvd_sm_CPU_PERCENT=71, psrsvd_v=1, psrsvd_vt_CPU_PERCENT=0, report=""si_cpu_usage"""
106,"1455646800.000","si-search-cpu-usage",stash,"reporting.com","ib_system_summary","reporting.com-root","02/16/2016 18:20:00 +0000, search_name=""si-search-cpu-usage"", search_now=1455649200.000, info_min_time=1455645600.000, info_max_time=1455647400.000, info_search_time=1455649201.504, orig_host=""reporting.com"", psrsvd_ct_CPU_PERCENT=10, psrsvd_gc=10, psrsvd_nc_CPU_PERCENT=10, psrsvd_sm_CPU_PERCENT=215, psrsvd_v=1, psrsvd_vt_CPU_PERCENT=0, report=""si_cpu_usage"""
107,"1455646800.000","si-search-cpu-usage",stash,"reporting.com","ib_system_summary","reporting.com-root","02/16/2016 18:20:00 +0000, search_name=""si-search-cpu-usage"", search_now=1455649200.000, info_min_time=1455645600.000, info_max_time=1455647400.000, info_search_time=1455649201.504, orig_host=""master.com"", psrsvd_ct_CPU_PERCENT=10, psrsvd_gc=10, psrsvd_nc_CPU_PERCENT=10, psrsvd_sm_CPU_PERCENT=182, psrsvd_v=1, psrsvd_vt_CPU_PERCENT=0, report=""si_cpu_usage"""
108,"1455646200.000","si-search-cpu-usage",stash,"reporting.com","ib_system_summary","reporting.com-root","02/16/2016 18:10:00 +0000, search_name=""si-search-cpu-usage"", search_now=1455649200.000, info_min_time=1455645600.000, info_max_time=1455647400.000, info_search_time=1455649201.504, orig_host=""reporting.com"", psrsvd_ct_CPU_PERCENT=10, psrsvd_gc=10, psrsvd_nc_CPU_PERCENT=10, psrsvd_sm_CPU_PERCENT=217, psrsvd_v=1, psrsvd_vt_CPU_PERCENT=0, report=""si_cpu_usage"""
109,"1455646200.000","si-search-cpu-usage",stash,"reporting.com","ib_system_summary","reporting.com-root","02/16/2016 18:10:00 +0000, search_name=""si-search-cpu-usage"", search_now=1455649200.000, info_min_time=1455645600.000, info_max_time=1455647400.000, info_search_time=1455649201.504, orig_host=""master.com"", psrsvd_ct_CPU_PERCENT=10, psrsvd_gc=10, psrsvd_nc_CPU_PERCENT=10, psrsvd_sm_CPU_PERCENT=182, psrsvd_v=1, psrsvd_vt_CPU_PERCENT=0, report=""si_cpu_usage"""
110,"1455645600.000","si-search-cpu-usage",stash,"reporting.com","ib_system_summary","reporting.com-root","02/16/2016 18:00:00 +0000, search_name=""si-search-cpu-usage"", search_now=1455649200.000, info_min_time=1455645600.000, info_max_time=1455647400.000, info_search_time=1455649201.504, orig_host=""reporting.com"", psrsvd_ct_CPU_PERCENT=10, psrsvd_gc=10, psrsvd_nc_CPU_PERCENT=10, psrsvd_sm_CPU_PERCENT=218, psrsvd_v=1, psrsvd_vt_CPU_PERCENT=0, report=""si_cpu_usage"""
111,"1455645600.000","si-search-cpu-usage",stash,"reporting.com","ib_system_summary","reporting.com-root","02/16/2016 18:00:00 +0000, search_name=""si-search-cpu-usage"", search_now=1455649200.000, info_min_time=1455645600.000, info_max_time=1455647400.000, info_search_time=1455649201.504, orig_host=""master.com"", psrsvd_ct_CPU_PERCENT=10, psrsvd_gc=10, psrsvd_nc_CPU_PERCENT=10, psrsvd_sm_CPU_PERCENT=176, psrsvd_v=1, psrsvd_vt_CPU_PERCENT=0, report=""si_cpu_usage"""
112,"1455645000.000","si-search-cpu-usage",stash,"reporting.com","ib_system_summary","reporting.com-root","02/16/2016 17:50:00 +0000, search_name=""si-search-cpu-usage"", search_now=1455647400.000, info_min_time=1455643800.000, info_max_time=1455645600.000, info_search_time=1455647401.472, orig_host=""reporting.com"", psrsvd_ct_CPU_PERCENT=10, psrsvd_gc=10, psrsvd_nc_CPU_PERCENT=10, psrsvd_sm_CPU_PERCENT=217, psrsvd_v=1, psrsvd_vt_CPU_PERCENT=0, report=""si_cpu_usage"""
113,"1455645000.000","si-search-cpu-usage",stash,"reporting.com","ib_system_summary","reporting.com-root","02/16/2016 17:50:00 +0000, search_name=""si-search-cpu-usage"", search_now=1455647400.000, info_min_time=1455643800.000, info_max_time=1455645600.000, info_search_time=1455647401.472, orig_host=""master.com"", psrsvd_ct_CPU_PERCENT=10, psrsvd_gc=10, psrsvd_nc_CPU_PERCENT=10, psrsvd_sm_CPU_PERCENT=167, psrsvd_v=1, psrsvd_vt_CPU_PERCENT=0, report=""si_cpu_usage"""
114,"1455644400.000","si-search-cpu-usage",stash,"reporting.com","ib_system_summary","reporting.com-root","02/16/2016 17:40:00 +0000, search_name=""si-search-cpu-usage"", search_now=1455647400.000, info_min_time=1455643800.000, info_max_time=1455645600.000, info_search_time=1455647401.472, orig_host=""reporting.com"", psrsvd_ct_CPU_PERCENT=10, psrsvd_gc=10, psrsvd_nc_CPU_PERCENT=10, psrsvd_sm_CPU_PERCENT=221, psrsvd_v=1, psrsvd_vt_CPU_PERCENT=0, report=""si_cpu_usage"""
115,"1455644400.000","si-search-cpu-usage",stash,"reporting.com","ib_system_summary","reporting.com-root","02/16/2016 17:40:00 +0000, search_name=""si-search-cpu-usage"", search_now=1455647400.000, info_min_time=1455643800.000, info_max_time=1455645600.000, info_search_time=1455647401.472, orig_host=""master.com"", psrsvd_ct_CPU_PERCENT=10, psrsvd_gc=10, psrsvd_nc_CPU_PERCENT=10, psrsvd_sm_CPU_PERCENT=176, psrsvd_v=1, psrsvd_vt_CPU_PERCENT=0, report=""si_cpu_usage"""
116,"1455643800.000","si-search-cpu-usage",stash,"reporting.com","ib_system_summary","reporting.com-root","02/16/2016 17:30:00 +0000, search_name=""si-search-cpu-usage"", search_now=1455647400.000, info_min_time=1455643800.000, info_max_time=1455645600.000, info_search_time=1455647401.472, orig_host=""reporting.com"", psrsvd_ct_CPU_PERCENT=10, psrsvd_gc=10, psrsvd_nc_CPU_PERCENT=10, psrsvd_sm_CPU_PERCENT=217, psrsvd_v=1, psrsvd_vt_CPU_PERCENT=0, report=""si_cpu_usage"""
117,"1455643800.000","si-search-cpu-usage",stash,"reporting.com","ib_system_summary","reporting.com-root","02/16/2016 17:30:00 +0000, search_name=""si-search-cpu-usage"", search_now=1455647400.000, info_min_time=1455643800.000, info_max_time=1455645600.000, info_search_time=1455647401.472, orig_host=""master.com"", psrsvd_ct_CPU_PERCENT=10, psrsvd_gc=10, psrsvd_nc_CPU_PERCENT=10, psrsvd_sm_CPU_PERCENT=175, psrsvd_v=1, psrsvd_vt_CPU_PERCENT=0, report=""si_cpu_usage"""
118,"1455643200.000","si-search-cpu-usage",stash,"reporting.com","ib_system_summary","reporting.com-root","02/16/2016 17:20:00 +0000, search_name=""si-search-cpu-usage"", search_now=1455645600.000, info_min_time=1455642000.000, info_max_time=1455643800.000, info_search_time=1455645601.356, orig_host=""reporting.com"", psrsvd_ct_CPU_PERCENT=10, psrsvd_gc=10, psrsvd_nc_CPU_PERCENT=10, psrsvd_sm_CPU_PERCENT=218, psrsvd_v=1, psrsvd_vt_CPU_PERCENT=0, report=""si_cpu_usage"""
119,"1455643200.000","si-search-cpu-usage",stash,"reporting.com","ib_system_summary","reporting.com-root","02/16/2016 17:20:00 +0000, search_name=""si-search-cpu-usage"", search_now=1455645600.000, info_min_time=1455642000.000, info_max_time=1455643800.000, info_search_time=1455645601.356, orig_host=""master.com"", psrsvd_ct_CPU_PERCENT=10, psrsvd_gc=10, psrsvd_nc_CPU_PERCENT=10, psrsvd_sm_CPU_PERCENT=168, psrsvd_v=1, psrsvd_vt_CPU_PERCENT=0, report=""si_cpu_usage"""
120,"1455642600.000","si-search-cpu-usage",stash,"reporting.com","ib_system_summary","reporting.com-root","02/16/2016 17:10:00 +0000, search_name=""si-search-cpu-usage"", search_now=1455645600.000, info_min_time=1455642000.000, info_max_time=1455643800.000, info_search_time=1455645601.356, orig_host=""reporting.com"", psrsvd_ct_CPU_PERCENT=10, psrsvd_gc=10, psrsvd_nc_CPU_PERCENT=10, psrsvd_sm_CPU_PERCENT=222, psrsvd_v=1, psrsvd_vt_CPU_PERCENT=0, report=""si_cpu_usage"""
121,"1455642600.000","si-search-cpu-usage",stash,"reporting.com","ib_system_summary","reporting.com-root","02/16/2016 17:10:00 +0000, search_name=""si-search-cpu-usage"", search_now=1455645600.000, info_min_time=1455642000.000, info_max_time=1455643800.000, info_search_time=1455645601.356, orig_host=""master.com"", psrsvd_ct_CPU_PERCENT=10, psrsvd_gc=10, psrsvd_nc_CPU_PERCENT=10, psrsvd_sm_CPU_PERCENT=194, psrsvd_v=1, psrsvd_vt_CPU_PERCENT=0, report=""si_cpu_usage"""
122,"1455642000.000","si-search-cpu-usage",stash,"reporting.com","ib_system_summary","reporting.com-root","02/16/2016 17:00:00 +0000, search_name=""si-search-cpu-usage"", search_now=1455645600.000, info_min_time=1455642000.000, info_max_time=1455643800.000, info_search_time=1455645601.356, orig_host=""reporting.com"", psrsvd_ct_CPU_PERCENT=10, psrsvd_gc=10, psrsvd_nc_CPU_PERCENT=10, psrsvd_sm_CPU_PERCENT=212, psrsvd_v=1, psrsvd_vt_CPU_PERCENT=0, report=""si_cpu_usage"""
123,"1455642000.000","si-search-cpu-usage",stash,"reporting.com","ib_system_summary","reporting.com-root","02/16/2016 17:00:00 +0000, search_name=""si-search-cpu-usage"", search_now=1455645600.000, info_min_time=1455642000.000, info_max_time=1455643800.000, info_search_time=1455645601.356, orig_host=""master.com"", psrsvd_ct_CPU_PERCENT=10, psrsvd_gc=10, psrsvd_nc_CPU_PERCENT=10, psrsvd_sm_CPU_PERCENT=180, psrsvd_v=1, psrsvd_vt_CPU_PERCENT=0, report=""si_cpu_usage"""
124,"1455641400.000","si-search-cpu-usage",stash,"reporting.com","ib_system_summary","reporting.com-root","02/16/2016 16:50:00 +0000, search_name=""si-search-cpu-usage"", search_now=1455643800.000, info_min_time=1455640200.000, info_max_time=1455642000.000, info_search_time=1455643801.495, orig_host=""reporting.com"", psrsvd_ct_CPU_PERCENT=10, psrsvd_gc=10, psrsvd_nc_CPU_PERCENT=10, psrsvd_sm_CPU_PERCENT=217, psrsvd_v=1, psrsvd_vt_CPU_PERCENT=0, report=""si_cpu_usage"""
125,"1455641400.000","si-search-cpu-usage",stash,"reporting.com","ib_system_summary","reporting.com-root","02/16/2016 16:50:00 +0000, search_name=""si-search-cpu-usage"", search_now=1455643800.000, info_min_time=1455640200.000, info_max_time=1455642000.000, info_search_time=1455643801.495, orig_host=""master.com"", psrsvd_ct_CPU_PERCENT=10, psrsvd_gc=10, psrsvd_nc_CPU_PERCENT=10, psrsvd_sm_CPU_PERCENT=171, psrsvd_v=1, psrsvd_vt_CPU_PERCENT=0, report=""si_cpu_usage"""
126,"1455640800.000","si-search-cpu-usage",stash,"reporting.com","ib_system_summary","reporting.com-root","02/16/2016 16:40:00 +0000, search_name=""si-search-cpu-usage"", search_now=1455643800.000, info_min_time=1455640200.000, info_max_time=1455642000.000, info_search_time=1455643801.495, orig_host=""reporting.com"", psrsvd_ct_CPU_PERCENT=10, psrsvd_gc=10, psrsvd_nc_CPU_PERCENT=10, psrsvd_sm_CPU_PERCENT=219, psrsvd_v=1, psrsvd_vt_CPU_PERCENT=0, report=""si_cpu_usage"""
127,"1455640800.000","si-search-cpu-usage",stash,"reporting.com","ib_system_summary","reporting.com-root","02/16/2016 16:40:00 +0000, search_name=""si-search-cpu-usage"", search_now=1455643800.000, info_min_time=1455640200.000, info_max_time=1455642000.000, info_search_time=1455643801.495, orig_host=""master.com"", psrsvd_ct_CPU_PERCENT=10, psrsvd_gc=10, psrsvd_nc_CPU_PERCENT=10, psrsvd_sm_CPU_PERCENT=174, psrsvd_v=1, psrsvd_vt_CPU_PERCENT=0, report=""si_cpu_usage"""
128,"1455640200.000","si-search-cpu-usage",stash,"reporting.com","ib_system_summary","reporting.com-root","02/16/2016 16:30:00 +0000, search_name=""si-search-cpu-usage"", search_now=1455643800.000, info_min_time=1455640200.000, info_max_time=1455642000.000, info_search_time=1455643801.495, orig_host=""reporting.com"", psrsvd_ct_CPU_PERCENT=10, psrsvd_gc=10, psrsvd_nc_CPU_PERCENT=10, psrsvd_sm_CPU_PERCENT=215, psrsvd_v=1, psrsvd_vt_CPU_PERCENT=0, report=""si_cpu_usage"""
129,"1455640200.000","si-search-cpu-usage",stash,"reporting.com","ib_system_summary","reporting.com-root","02/16/2016 16:30:00 +0000, search_name=""si-search-cpu-usage"", search_now=1455643800.000, info_min_time=1455640200.000, info_max_time=1455642000.000, info_search_time=1455643801.495, orig_host=""master.com"", psrsvd_ct_CPU_PERCENT=10, psrsvd_gc=10, psrsvd_nc_CPU_PERCENT=10, psrsvd_sm_CPU_PERCENT=181, psrsvd_v=1, psrsvd_vt_CPU_PERCENT=0, report=""si_cpu_usage"""
130,"1455639600.000","si-search-cpu-usage",stash,"reporting.com","ib_system_summary","reporting.com-root","02/16/2016 16:20:00 +0000, search_name=""si-search-cpu-usage"", search_now=1455642000.000, info_min_time=1455638400.000, info_max_time=1455640200.000, info_search_time=1455642001.482, orig_host=""reporting.com"", psrsvd_ct_CPU_PERCENT=10, psrsvd_gc=10, psrsvd_nc_CPU_PERCENT=10, psrsvd_sm_CPU_PERCENT=220, psrsvd_v=1, psrsvd_vt_CPU_PERCENT=0, report=""si_cpu_usage"""
131,"1455639600.000","si-search-cpu-usage",stash,"reporting.com","ib_system_summary","reporting.com-root","02/16/2016 16:20:00 +0000, search_name=""si-search-cpu-usage"", search_now=1455642000.000, info_min_time=1455638400.000, info_max_time=1455640200.000, info_search_time=1455642001.482, orig_host=""master.com"", psrsvd_ct_CPU_PERCENT=10, psrsvd_gc=10, psrsvd_nc_CPU_PERCENT=10, psrsvd_sm_CPU_PERCENT=171, psrsvd_v=1, psrsvd_vt_CPU_PERCENT=0, report=""si_cpu_usage"""
132,"1455639000.000","si-search-cpu-usage",stash,"reporting.com","ib_system_summary","reporting.com-root","02/16/2016 16:10:00 +0000, search_name=""si-search-cpu-usage"", search_now=1455642000.000, info_min_time=1455638400.000, info_max_time=1455640200.000, info_search_time=1455642001.482, orig_host=""reporting.com"", psrsvd_ct_CPU_PERCENT=10, psrsvd_gc=10, psrsvd_nc_CPU_PERCENT=10, psrsvd_sm_CPU_PERCENT=222, psrsvd_v=1, psrsvd_vt_CPU_PERCENT=0, report=""si_cpu_usage"""
133,"1455639000.000","si-search-cpu-usage",stash,"reporting.com","ib_system_summary","reporting.com-root","02/16/2016 16:10:00 +0000, search_name=""si-search-cpu-usage"", search_now=1455642000.000, info_min_time=1455638400.000, info_max_time=1455640200.000, info_search_time=1455642001.482, orig_host=""master.com"", psrsvd_ct_CPU_PERCENT=10, psrsvd_gc=10, psrsvd_nc_CPU_PERCENT=10, psrsvd_sm_CPU_PERCENT=182, psrsvd_v=1, psrsvd_vt_CPU_PERCENT=0, report=""si_cpu_usage"""
134,"1455638400.000","si-search-cpu-usage",stash,"reporting.com","ib_system_summary","reporting.com-root","02/16/2016 16:00:00 +0000, search_name=""si-search-cpu-usage"", search_now=1455642000.000, info_min_time=1455638400.000, info_max_time=1455640200.000, info_search_time=1455642001.482, orig_host=""reporting.com"", psrsvd_ct_CPU_PERCENT=10, psrsvd_gc=10, psrsvd_nc_CPU_PERCENT=10, psrsvd_sm_CPU_PERCENT=225, psrsvd_v=1, psrsvd_vt_CPU_PERCENT=0, report=""si_cpu_usage"""
135,"1455638400.000","si-search-cpu-usage",stash,"reporting.com","ib_system_summary","reporting.com-root","02/16/2016 16:00:00 +0000, search_name=""si-search-cpu-usage"", search_now=1455642000.000, info_min_time=1455638400.000, info_max_time=1455640200.000, info_search_time=1455642001.482, orig_host=""master.com"", psrsvd_ct_CPU_PERCENT=10, psrsvd_gc=10, psrsvd_nc_CPU_PERCENT=10, psrsvd_sm_CPU_PERCENT=189, psrsvd_v=1, psrsvd_vt_CPU_PERCENT=0, report=""si_cpu_usage"""
136,"1455637800.000","si-search-cpu-usage",stash,"reporting.com","ib_system_summary","reporting.com-root","02/16/2016 15:50:00 +0000, search_name=""si-search-cpu-usage"", search_now=1455640200.000, info_min_time=1455636600.000, info_max_time=1455638400.000, info_search_time=1455640201.478, orig_host=""reporting.com"", psrsvd_ct_CPU_PERCENT=10, psrsvd_gc=10, psrsvd_nc_CPU_PERCENT=10, psrsvd_sm_CPU_PERCENT=212, psrsvd_v=1, psrsvd_vt_CPU_PERCENT=0, report=""si_cpu_usage"""
137,"1455637800.000","si-search-cpu-usage",stash,"reporting.com","ib_system_summary","reporting.com-root","02/16/2016 15:50:00 +0000, search_name=""si-search-cpu-usage"", search_now=1455640200.000, info_min_time=1455636600.000, info_max_time=1455638400.000, info_search_time=1455640201.478, orig_host=""master.com"", psrsvd_ct_CPU_PERCENT=10, psrsvd_gc=10, psrsvd_nc_CPU_PERCENT=10, psrsvd_sm_CPU_PERCENT=175, psrsvd_v=1, psrsvd_vt_CPU_PERCENT=0, report=""si_cpu_usage"""
138,"1455637200.000","si-search-cpu-usage",stash,"reporting.com","ib_system_summary","reporting.com-root","02/16/2016 15:40:00 +0000, search_name=""si-search-cpu-usage"", search_now=1455640200.000, info_min_time=1455636600.000, info_max_time=1455638400.000, info_search_time=1455640201.478, orig_host=""reporting.com"", psrsvd_ct_CPU_PERCENT=10, psrsvd_gc=10, psrsvd_nc_CPU_PERCENT=10, psrsvd_sm_CPU_PERCENT=218, psrsvd_v=1, psrsvd_vt_CPU_PERCENT=0, report=""si_cpu_usage"""
139,"1455637200.000","si-search-cpu-usage",stash,"reporting.com","ib_system_summary","reporting.com-root","02/16/2016 15:40:00 +0000, search_name=""si-search-cpu-usage"", search_now=1455640200.000, info_min_time=1455636600.000, info_max_time=1455638400.000, info_search_time=1455640201.478, orig_host=""master.com"", psrsvd_ct_CPU_PERCENT=10, psrsvd_gc=10, psrsvd_nc_CPU_PERCENT=10, psrsvd_sm_CPU_PERCENT=191, psrsvd_v=1, psrsvd_vt_CPU_PERCENT=0, report=""si_cpu_usage"""
140,"1455636600.000","si-search-cpu-usage",stash,"reporting.com","ib_system_summary","reporting.com-root","02/16/2016 15:30:00 +0000, search_name=""si-search-cpu-usage"", search_now=1455640200.000, info_min_time=1455636600.000, info_max_time=1455638400.000, info_search_time=1455640201.478, orig_host=""reporting.com"", psrsvd_ct_CPU_PERCENT=10, psrsvd_gc=10, psrsvd_nc_CPU_PERCENT=10, psrsvd_sm_CPU_PERCENT=214, psrsvd_v=1, psrsvd_vt_CPU_PERCENT=0, report=""si_cpu_usage"""
141,"1455636600.000","si-search-cpu-usage",stash,"reporting.com","ib_system_summary","reporting.com-root","02/16/2016 15:30:00 +0000, search_name=""si-search-cpu-usage"", search_now=1455640200.000, info_min_time=1455636600.000, info_max_time=1455638400.000, info_search_time=1455640201.478, orig_host=""master.com"", psrsvd_ct_CPU_PERCENT=10, psrsvd_gc=10, psrsvd_nc_CPU_PERCENT=10, psrsvd_sm_CPU_PERCENT=157, psrsvd_v=1, psrsvd_vt_CPU_PERCENT=0, report=""si_cpu_usage"""
142,"1455636000.000","si-search-cpu-usage",stash,"reporting.com","ib_system_summary","reporting.com-root","02/16/2016 15:20:00 +0000, search_name=""si-search-cpu-usage"", search_now=1455638400.000, info_min_time=1455634800.000, info_max_time=1455636600.000, info_search_time=1455638401.477, orig_host=""reporting.com"", psrsvd_ct_CPU_PERCENT=10, psrsvd_gc=10, psrsvd_nc_CPU_PERCENT=10, psrsvd_sm_CPU_PERCENT=223, psrsvd_v=1, psrsvd_vt_CPU_PERCENT=0, report=""si_cpu_usage"""
143,"1455636000.000","si-search-cpu-usage",stash,"reporting.com","ib_system_summary","reporting.com-root","02/16/2016 15:20:00 +0000, search_name=""si-search-cpu-usage"", search_now=1455638400.000, info_min_time=1455634800.000, info_max_time=1455636600.000, info_search_time=1455638401.477, orig_host=""master.com"", psrsvd_ct_CPU_PERCENT=10, psrsvd_gc=10, psrsvd_nc_CPU_PERCENT=10, psrsvd_sm_CPU_PERCENT=172, psrsvd_v=1, psrsvd_vt_CPU_PERCENT=0, report=""si_cpu_usage"""
144,"1455635400.000","si-search-cpu-usage",stash,"reporting.com","ib_system_summary","reporting.com-root","02/16/2016 15:10:00 +0000, search_name=""si-search-cpu-usage"", search_now=1455638400.000, info_min_time=1455634800.000, info_max_time=1455636600.000, info_search_time=1455638401.477, orig_host=""reporting.com"", psrsvd_ct_CPU_PERCENT=10, psrsvd_gc=10, psrsvd_nc_CPU_PERCENT=10, psrsvd_sm_CPU_PERCENT=220, psrsvd_v=1, psrsvd_vt_CPU_PERCENT=0, report=""si_cpu_usage"""
145,"1455635400.000","si-search-cpu-usage",stash,"reporting.com","ib_system_summary","reporting.com-root","02/16/2016 15:10:00 +0000, search_name=""si-search-cpu-usage"", search_now=1455638400.000, info_min_time=1455634800.000, info_max_time=1455636600.000, info_search_time=1455638401.477, orig_host=""master.com"", psrsvd_ct_CPU_PERCENT=10, psrsvd_gc=10, psrsvd_nc_CPU_PERCENT=10, psrsvd_sm_CPU_PERCENT=178, psrsvd_v=1, psrsvd_vt_CPU_PERCENT=0, report=""si_cpu_usage"""
146,"1455634800.000","si-search-cpu-usage",stash,"reporting.com","ib_system_summary","reporting.com-root","02/16/2016 15:00:00 +0000, search_name=""si-search-cpu-usage"", search_now=1455638400.000, info_min_time=1455634800.000, info_max_time=1455636600.000, info_search_time=1455638401.477, orig_host=""reporting.com"", psrsvd_ct_CPU_PERCENT=10, psrsvd_gc=10, psrsvd_nc_CPU_PERCENT=10, psrsvd_sm_CPU_PERCENT=218, psrsvd_v=1, psrsvd_vt_CPU_PERCENT=0, report=""si_cpu_usage"""
147,"1455634800.000","si-search-cpu-usage",stash,"reporting.com","ib_system_summary","reporting.com-root","02/16/2016 15:00:00 +0000, search_name=""si-search-cpu-usage"", search_now=1455638400.000, info_min_time=1455634800.000, info_max_time=1455636600.000, info_search_time=1455638401.477, orig_host=""master.com"", psrsvd_ct_CPU_PERCENT=10, psrsvd_gc=10, psrsvd_nc_CPU_PERCENT=10, psrsvd_sm_CPU_PERCENT=177, psrsvd_v=1, psrsvd_vt_CPU_PERCENT=0, report=""si_cpu_usage"""
148,"1455634200.000","si-search-cpu-usage",stash,"reporting.com","ib_system_summary","reporting.com-root","02/16/2016 14:50:00 +0000, search_name=""si-search-cpu-usage"", search_now=1455636600.000, info_min_time=1455633000.000, info_max_time=1455634800.000, info_search_time=1455636601.490, orig_host=""reporting.com"", psrsvd_ct_CPU_PERCENT=10, psrsvd_gc=10, psrsvd_nc_CPU_PERCENT=10, psrsvd_sm_CPU_PERCENT=220, psrsvd_v=1, psrsvd_vt_CPU_PERCENT=0, report=""si_cpu_usage"""
149,"1455634200.000","si-search-cpu-usage",stash,"reporting.com","ib_system_summary","reporting.com-root","02/16/2016 14:50:00 +0000, search_name=""si-search-cpu-usage"", search_now=1455636600.000, info_min_time=1455633000.000, info_max_time=1455634800.000, info_search_time=1455636601.490, orig_host=""master.com"", psrsvd_ct_CPU_PERCENT=10, psrsvd_gc=10, psrsvd_nc_CPU_PERCENT=10, psrsvd_sm_CPU_PERCENT=172, psrsvd_v=1, psrsvd_vt_CPU_PERCENT=0, report=""si_cpu_usage"""
150,"1455633600.000","si-search-cpu-usage",stash,"reporting.com","ib_system_summary","reporting.com-root","02/16/2016 14:40:00 +0000, search_name=""si-search-cpu-usage"", search_now=1455636600.000, info_min_time=1455633000.000, info_max_time=1455634800.000, info_search_time=1455636601.490, orig_host=""reporting.com"", psrsvd_ct_CPU_PERCENT=10, psrsvd_gc=10, psrsvd_nc_CPU_PERCENT=10, psrsvd_sm_CPU_PERCENT=218, psrsvd_v=1, psrsvd_vt_CPU_PERCENT=0, report=""si_cpu_usage"""
151,"1455633600.000","si-search-cpu-usage",stash,"reporting.com","ib_system_summary","reporting.com-root","02/16/2016 14:40:00 +0000, search_name=""si-search-cpu-usage"", search_now=1455636600.000, info_min_time=1455633000.000, info_max_time=1455634800.000, info_search_time=1455636601.490, orig_host=""master.com"", psrsvd_ct_CPU_PERCENT=10, psrsvd_gc=10, psrsvd_nc_CPU_PERCENT=10, psrsvd_sm_CPU_PERCENT=182, psrsvd_v=1, psrsvd_vt_CPU_PERCENT=0, report=""si_cpu_usage"""
152,"1455633000.000","si-search-cpu-usage",stash,"reporting.com","ib_system_summary","reporting.com-root","02/16/2016 14:30:00 +0000, search_name=""si-search-cpu-usage"", search_now=1455636600.000, info_min_time=1455633000.000, info_max_time=1455634800.000, info_search_time=1455636601.490, orig_host=""reporting.com"", psrsvd_ct_CPU_PERCENT=10, psrsvd_gc=10, psrsvd_nc_CPU_PERCENT=10, psrsvd_sm_CPU_PERCENT=217, psrsvd_v=1, psrsvd_vt_CPU_PERCENT=0, report=""si_cpu_usage"""
153,"1455633000.000","si-search-cpu-usage",stash,"reporting.com","ib_system_summary","reporting.com-root","02/16/2016 14:30:00 +0000, search_name=""si-search-cpu-usage"", search_now=1455636600.000, info_min_time=1455633000.000, info_max_time=1455634800.000, info_search_time=1455636601.490, orig_host=""master.com"", psrsvd_ct_CPU_PERCENT=10, psrsvd_gc=10, psrsvd_nc_CPU_PERCENT=10, psrsvd_sm_CPU_PERCENT=181, psrsvd_v=1, psrsvd_vt_CPU_PERCENT=0, report=""si_cpu_usage"""
154,"1455632400.000","si-search-cpu-usage",stash,"reporting.com","ib_system_summary","reporting.com-root","02/16/2016 14:20:00 +0000, search_name=""si-search-cpu-usage"", search_now=1455634800.000, info_min_time=1455631200.000, info_max_time=1455633000.000, info_search_time=1455634801.466, orig_host=""reporting.com"", psrsvd_ct_CPU_PERCENT=10, psrsvd_gc=10, psrsvd_nc_CPU_PERCENT=10, psrsvd_sm_CPU_PERCENT=213, psrsvd_v=1, psrsvd_vt_CPU_PERCENT=0, report=""si_cpu_usage"""
155,"1455632400.000","si-search-cpu-usage",stash,"reporting.com","ib_system_summary","reporting.com-root","02/16/2016 14:20:00 +0000, search_name=""si-search-cpu-usage"", search_now=1455634800.000, info_min_time=1455631200.000, info_max_time=1455633000.000, info_search_time=1455634801.466, orig_host=""master.com"", psrsvd_ct_CPU_PERCENT=10, psrsvd_gc=10, psrsvd_nc_CPU_PERCENT=10, psrsvd_sm_CPU_PERCENT=168, psrsvd_v=1, psrsvd_vt_CPU_PERCENT=0, report=""si_cpu_usage"""
156,"1455631800.000","si-search-cpu-usage",stash,"reporting.com","ib_system_summary","reporting.com-root","02/16/2016 14:10:00 +0000, search_name=""si-search-cpu-usage"", search_now=1455634800.000, info_min_time=1455631200.000, info_max_time=1455633000.000, info_search_time=1455634801.466, orig_host=""reporting.com"", psrsvd_ct_CPU_PERCENT=10, psrsvd_gc=10, psrsvd_nc_CPU_PERCENT=10, psrsvd_sm_CPU_PERCENT=217, psrsvd_v=1, psrsvd_vt_CPU_PERCENT=0, report=""si_cpu_usage"""
157,"1455631800.000","si-search-cpu-usage",stash,"reporting.com","ib_system_summary","reporting.com-root","02/16/2016 14:10:00 +0000, search_name=""si-search-cpu-usage"", search_now=1455634800.000, info_min_time=1455631200.000, info_max_time=1455633000.000, info_search_time=1455634801.466, orig_host=""master.com"", psrsvd_ct_CPU_PERCENT=10, psrsvd_gc=10, psrsvd_nc_CPU_PERCENT=10, psrsvd_sm_CPU_PERCENT=183, psrsvd_v=1, psrsvd_vt_CPU_PERCENT=0, report=""si_cpu_usage"""
158,"1455631200.000","si-search-cpu-usage",stash,"reporting.com","ib_system_summary","reporting.com-root","02/16/2016 14:00:00 +0000, search_name=""si-search-cpu-usage"", search_now=1455634800.000, info_min_time=1455631200.000, info_max_time=1455633000.000, info_search_time=1455634801.466, orig_host=""reporting.com"", psrsvd_ct_CPU_PERCENT=10, psrsvd_gc=10, psrsvd_nc_CPU_PERCENT=10, psrsvd_sm_CPU_PERCENT=217, psrsvd_v=1, psrsvd_vt_CPU_PERCENT=0, report=""si_cpu_usage"""
159,"1455631200.000","si-search-cpu-usage",stash,"reporting.com","ib_system_summary","reporting.com-root","02/16/2016 14:00:00 +0000, search_name=""si-search-cpu-usage"", search_now=1455634800.000, info_min_time=1455631200.000, info_max_time=1455633000.000, info_search_time=1455634801.466, orig_host=""master.com"", psrsvd_ct_CPU_PERCENT=10, psrsvd_gc=10, psrsvd_nc_CPU_PERCENT=10, psrsvd_sm_CPU_PERCENT=174, psrsvd_v=1, psrsvd_vt_CPU_PERCENT=0, report=""si_cpu_usage"""
160,"1455630600.000","si-search-cpu-usage",stash,"reporting.com","ib_system_summary","reporting.com-root","02/16/2016 13:50:00 +0000, search_name=""si-search-cpu-usage"", search_now=1455633000.000, info_min_time=1455629400.000, info_max_time=1455631200.000, info_search_time=1455633001.468, orig_host=""reporting.com"", psrsvd_ct_CPU_PERCENT=10, psrsvd_gc=10, psrsvd_nc_CPU_PERCENT=10, psrsvd_sm_CPU_PERCENT=229, psrsvd_v=1, psrsvd_vt_CPU_PERCENT=0, report=""si_cpu_usage"""
161,"1455630600.000","si-search-cpu-usage",stash,"reporting.com","ib_system_summary","reporting.com-root","02/16/2016 13:50:00 +0000, search_name=""si-search-cpu-usage"", search_now=1455633000.000, info_min_time=1455629400.000, info_max_time=1455631200.000, info_search_time=1455633001.468, orig_host=""master.com"", psrsvd_ct_CPU_PERCENT=10, psrsvd_gc=10, psrsvd_nc_CPU_PERCENT=10, psrsvd_sm_CPU_PERCENT=184, psrsvd_v=1, psrsvd_vt_CPU_PERCENT=0, report=""si_cpu_usage"""
162,"1455630000.000","si-search-cpu-usage",stash,"reporting.com","ib_system_summary","reporting.com-root","02/16/2016 13:40:00 +0000, search_name=""si-search-cpu-usage"", search_now=1455633000.000, info_min_time=1455629400.000, info_max_time=1455631200.000, info_search_time=1455633001.468, orig_host=""reporting.com"", psrsvd_ct_CPU_PERCENT=10, psrsvd_gc=10, psrsvd_nc_CPU_PERCENT=10, psrsvd_sm_CPU_PERCENT=242, psrsvd_v=1, psrsvd_vt_CPU_PERCENT=0, report=""si_cpu_usage"""
163,"1455630000.000","si-search-cpu-usage",stash,"reporting.com","ib_system_summary","reporting.com-root","02/16/2016 13:40:00 +0000, search_name=""si-search-cpu-usage"", search_now=1455633000.000, info_min_time=1455629400.000, info_max_time=1455631200.000, info_search_time=1455633001.468, orig_host=""master.com"", psrsvd_ct_CPU_PERCENT=9, psrsvd_gc=9, psrsvd_nc_CPU_PERCENT=9, psrsvd_sm_CPU_PERCENT=170, psrsvd_v=1, psrsvd_vt_CPU_PERCENT=0, report=""si_cpu_usage"""
164,"1455629400.000","si-search-cpu-usage",stash,"reporting.com","ib_system_summary","reporting.com-root","02/16/2016 13:30:00 +0000, search_name=""si-search-cpu-usage"", search_now=1455633000.000, info_min_time=1455629400.000, info_max_time=1455631200.000, info_search_time=1455633001.468, orig_host=""reporting.com"", psrsvd_ct_CPU_PERCENT=10, psrsvd_gc=10, psrsvd_nc_CPU_PERCENT=10, psrsvd_sm_CPU_PERCENT=223, psrsvd_v=1, psrsvd_vt_CPU_PERCENT=0, report=""si_cpu_usage"""
165,"1455629400.000","si-search-cpu-usage",stash,"reporting.com","ib_system_summary","reporting.com-root","02/16/2016 13:30:00 +0000, search_name=""si-search-cpu-usage"", search_now=1455633000.000, info_min_time=1455629400.000, info_max_time=1455631200.000, info_search_time=1455633001.468, orig_host=""master.com"", psrsvd_ct_CPU_PERCENT=10, psrsvd_gc=10, psrsvd_nc_CPU_PERCENT=10, psrsvd_sm_CPU_PERCENT=199, psrsvd_v=1, psrsvd_vt_CPU_PERCENT=0, report=""si_cpu_usage"""
166,"1455628800.000","si-search-cpu-usage",stash,"reporting.com","ib_system_summary","reporting.com-root","02/16/2016 13:20:00 +0000, search_name=""si-search-cpu-usage"", search_now=1455631200.000, info_min_time=1455627600.000, info_max_time=1455629400.000, info_search_time=1455631201.492, orig_host=""reporting.com"", psrsvd_ct_CPU_PERCENT=10, psrsvd_gc=10, psrsvd_nc_CPU_PERCENT=10, psrsvd_sm_CPU_PERCENT=220, psrsvd_v=1, psrsvd_vt_CPU_PERCENT=0, report=""si_cpu_usage"""
167,"1455628800.000","si-search-cpu-usage",stash,"reporting.com","ib_system_summary","reporting.com-root","02/16/2016 13:20:00 +0000, search_name=""si-search-cpu-usage"", search_now=1455631200.000, info_min_time=1455627600.000, info_max_time=1455629400.000, info_search_time=1455631201.492, orig_host=""master.com"", psrsvd_ct_CPU_PERCENT=10, psrsvd_gc=10, psrsvd_nc_CPU_PERCENT=10, psrsvd_sm_CPU_PERCENT=181, psrsvd_v=1, psrsvd_vt_CPU_PERCENT=0, report=""si_cpu_usage"""
168,"1455628200.000","si-search-cpu-usage",stash,"reporting.com","ib_system_summary","reporting.com-root","02/16/2016 13:10:00 +0000, search_name=""si-search-cpu-usage"", search_now=1455631200.000, info_min_time=1455627600.000, info_max_time=1455629400.000, info_search_time=1455631201.492, orig_host=""reporting.com"", psrsvd_ct_CPU_PERCENT=10, psrsvd_gc=10, psrsvd_nc_CPU_PERCENT=10, psrsvd_sm_CPU_PERCENT=226, psrsvd_v=1, psrsvd_vt_CPU_PERCENT=0, report=""si_cpu_usage"""
169,"1455628200.000","si-search-cpu-usage",stash,"reporting.com","ib_system_summary","reporting.com-root","02/16/2016 13:10:00 +0000, search_name=""si-search-cpu-usage"", search_now=1455631200.000, info_min_time=1455627600.000, info_max_time=1455629400.000, info_search_time=1455631201.492, orig_host=""master.com"", psrsvd_ct_CPU_PERCENT=10, psrsvd_gc=10, psrsvd_nc_CPU_PERCENT=10, psrsvd_sm_CPU_PERCENT=182, psrsvd_v=1, psrsvd_vt_CPU_PERCENT=0, report=""si_cpu_usage"""
170,"1455627600.000","si-search-cpu-usage",stash,"reporting.com","ib_system_summary","reporting.com-root","02/16/2016 13:00:00 +0000, search_name=""si-search-cpu-usage"", search_now=1455631200.000, info_min_time=1455627600.000, info_max_time=1455629400.000, info_search_time=1455631201.492, orig_host=""reporting.com"", psrsvd_ct_CPU_PERCENT=10, psrsvd_gc=10, psrsvd_nc_CPU_PERCENT=10, psrsvd_sm_CPU_PERCENT=215, psrsvd_v=1, psrsvd_vt_CPU_PERCENT=0, report=""si_cpu_usage"""
171,"1455627600.000","si-search-cpu-usage",stash,"reporting.com","ib_system_summary","reporting.com-root","02/16/2016 13:00:00 +0000, search_name=""si-search-cpu-usage"", search_now=1455631200.000, info_min_time=1455627600.000, info_max_time=1455629400.000, info_search_time=1455631201.492, orig_host=""master.com"", psrsvd_ct_CPU_PERCENT=10, psrsvd_gc=10, psrsvd_nc_CPU_PERCENT=10, psrsvd_sm_CPU_PERCENT=183, psrsvd_v=1, psrsvd_vt_CPU_PERCENT=0, report=""si_cpu_usage"""
172,"1455627000.000","si-search-cpu-usage",stash,"reporting.com","ib_system_summary","reporting.com-root","02/16/2016 12:50:00 +0000, search_name=""si-search-cpu-usage"", search_now=1455629400.000, info_min_time=1455625800.000, info_max_time=1455627600.000, info_search_time=1455629401.543, orig_host=""reporting.com"", psrsvd_ct_CPU_PERCENT=10, psrsvd_gc=10, psrsvd_nc_CPU_PERCENT=10, psrsvd_sm_CPU_PERCENT=219, psrsvd_v=1, psrsvd_vt_CPU_PERCENT=0, report=""si_cpu_usage"""
173,"1455627000.000","si-search-cpu-usage",stash,"reporting.com","ib_system_summary","reporting.com-root","02/16/2016 12:50:00 +0000, search_name=""si-search-cpu-usage"", search_now=1455629400.000, info_min_time=1455625800.000, info_max_time=1455627600.000, info_search_time=1455629401.543, orig_host=""master.com"", psrsvd_ct_CPU_PERCENT=10, psrsvd_gc=10, psrsvd_nc_CPU_PERCENT=10, psrsvd_sm_CPU_PERCENT=186, psrsvd_v=1, psrsvd_vt_CPU_PERCENT=0, report=""si_cpu_usage"""
174,"1455626400.000","si-search-cpu-usage",stash,"reporting.com","ib_system_summary","reporting.com-root","02/16/2016 12:40:00 +0000, search_name=""si-search-cpu-usage"", search_now=1455629400.000, info_min_time=1455625800.000, info_max_time=1455627600.000, info_search_time=1455629401.543, orig_host=""reporting.com"", psrsvd_ct_CPU_PERCENT=10, psrsvd_gc=10, psrsvd_nc_CPU_PERCENT=10, psrsvd_sm_CPU_PERCENT=226, psrsvd_v=1, psrsvd_vt_CPU_PERCENT=0, report=""si_cpu_usage"""
175,"1455626400.000","si-search-cpu-usage",stash,"reporting.com","ib_system_summary","reporting.com-root","02/16/2016 12:40:00 +0000, search_name=""si-search-cpu-usage"", search_now=1455629400.000, info_min_time=1455625800.000, info_max_time=1455627600.000, info_search_time=1455629401.543, orig_host=""master.com"", psrsvd_ct_CPU_PERCENT=10, psrsvd_gc=10, psrsvd_nc_CPU_PERCENT=10, psrsvd_sm_CPU_PERCENT=187, psrsvd_v=1, psrsvd_vt_CPU_PERCENT=0, report=""si_cpu_usage"""
176,"1455625800.000","si-search-cpu-usage",stash,"reporting.com","ib_system_summary","reporting.com-root","02/16/2016 12:30:00 +0000, search_name=""si-search-cpu-usage"", search_now=1455629400.000, info_min_time=1455625800.000, info_max_time=1455627600.000, info_search_time=1455629401.543, orig_host=""reporting.com"", psrsvd_ct_CPU_PERCENT=10, psrsvd_gc=10, psrsvd_nc_CPU_PERCENT=10, psrsvd_sm_CPU_PERCENT=210, psrsvd_v=1, psrsvd_vt_CPU_PERCENT=0, report=""si_cpu_usage"""
177,"1455625800.000","si-search-cpu-usage",stash,"reporting.com","ib_system_summary","reporting.com-root","02/16/2016 12:30:00 +0000, search_name=""si-search-cpu-usage"", search_now=1455629400.000, info_min_time=1455625800.000, info_max_time=1455627600.000, info_search_time=1455629401.543, orig_host=""master.com"", psrsvd_ct_CPU_PERCENT=10, psrsvd_gc=10, psrsvd_nc_CPU_PERCENT=10, psrsvd_sm_CPU_PERCENT=185, psrsvd_v=1, psrsvd_vt_CPU_PERCENT=0, report=""si_cpu_usage"""
178,"1455625200.000","si-search-cpu-usage",stash,"reporting.com","ib_system_summary","reporting.com-root","02/16/2016 12:20:00 +0000, search_name=""si-search-cpu-usage"", search_now=1455627600.000, info_min_time=1455624000.000, info_max_time=1455625800.000, info_search_time=1455627601.469, orig_host=""reporting.com"", psrsvd_ct_CPU_PERCENT=10, psrsvd_gc=10, psrsvd_nc_CPU_PERCENT=10, psrsvd_sm_CPU_PERCENT=265, psrsvd_v=1, psrsvd_vt_CPU_PERCENT=0, report=""si_cpu_usage"""
179,"1455625200.000","si-search-cpu-usage",stash,"reporting.com","ib_system_summary","reporting.com-root","02/16/2016 12:20:00 +0000, search_name=""si-search-cpu-usage"", search_now=1455627600.000, info_min_time=1455624000.000, info_max_time=1455625800.000, info_search_time=1455627601.469, orig_host=""master.com"", psrsvd_ct_CPU_PERCENT=10, psrsvd_gc=10, psrsvd_nc_CPU_PERCENT=10, psrsvd_sm_CPU_PERCENT=201, psrsvd_v=1, psrsvd_vt_CPU_PERCENT=0, report=""si_cpu_usage"""
180,"1455624600.000","si-search-cpu-usage",stash,"reporting.com","ib_system_summary","reporting.com-root","02/16/2016 12:10:00 +0000, search_name=""si-search-cpu-usage"", search_now=1455627600.000, info_min_time=1455624000.000, info_max_time=1455625800.000, info_search_time=1455627601.469, orig_host=""reporting.com"", psrsvd_ct_CPU_PERCENT=4, psrsvd_gc=4, psrsvd_nc_CPU_PERCENT=4, psrsvd_sm_CPU_PERCENT=112, psrsvd_v=1, psrsvd_vt_CPU_PERCENT=0, report=""si_cpu_usage"""
181,"1455624600.000","si-search-cpu-usage",stash,"reporting.com","ib_system_summary","reporting.com-root","02/16/2016 12:10:00 +0000, search_name=""si-search-cpu-usage"", search_now=1455627600.000, info_min_time=1455624000.000, info_max_time=1455625800.000, info_search_time=1455627601.469, orig_host=""master.com"", psrsvd_ct_CPU_PERCENT=6, psrsvd_gc=6, psrsvd_nc_CPU_PERCENT=6, psrsvd_sm_CPU_PERCENT=129, psrsvd_v=1, psrsvd_vt_CPU_PERCENT=0, report=""si_cpu_usage"""

